2026-03-05 00:59:56,354 INFO Starting server...
2026-03-05 00:59:56,355 INFO URL: http://127.0.0.1:8000
2026-03-05 01:00:41,345 INFO ===== UPLOAD RECEIVED: module=NTT upload_id=75 path=uploads\NTT_admin_20260305_010041_20260305010041.png =====
2026-03-05 01:00:41,346 INFO NTT OCR starting for upload_id=75 path=uploads\NTT_admin_20260305_010041_20260305010041.png
2026-03-05 01:00:45,825 INFO NTT OCR: entered_x = 1973.5
2026-03-05 01:00:45,827 INFO NTT OCR: day_header_ys = {'mon': 471.5, 'tue': 572.5, 'wed': 681.0, 'thu': 780.5, 'fri': 879.0, 'sun': 367.5, 'sat': 992.5}
2026-03-05 01:00:45,835 INFO NTT OCR: Found 0.00 for sun at (1944.0, 417.0)
2026-03-05 01:00:45,836 INFO NTT OCR: Found 0.00 for sun at (1944.0, 420.5)
2026-03-05 01:00:45,838 INFO NTT OCR: Found 9.00 for mon at (1945.5, 521.0)
2026-03-05 01:00:45,839 INFO NTT OCR: Found 9.00 for tue at (1945.5, 625.0)
2026-03-05 01:00:45,840 INFO NTT OCR: Found 9.00 for wed at (1945.5, 730.5)
2026-03-05 01:00:45,841 INFO NTT OCR: Found 9.00 for thu at (1945.0, 834.0)
2026-03-05 01:00:45,842 INFO NTT OCR: Found 9.00 for fri at (1944.5, 934.5)
2026-03-05 01:00:45,843 INFO NTT OCR: Found 0.00 for sat at (1944.0, 1041.0)
2026-03-05 01:00:45,844 INFO NTT OCR result: {'sun': 0.0, 'mon': 9.0, 'tue': 9.0, 'wed': 9.0, 'thu': 9.0, 'fri': 9.0, 'sat': 0.0, '_found_days': 7, 'week_start': '2026-01-04'}
2026-03-05 01:00:45,849 INFO NTT OCR parsed result: {'sun': 0.0, 'mon': 9.0, 'tue': 9.0, 'wed': 9.0, 'thu': 9.0, 'fri': 9.0, 'sat': 0.0, '_found_days': 7, 'week_start': '2026-01-04'}
2026-03-05 01:00:45,849 INFO NTT OCR upsert: upload_id=75 ws=2026-01-04 mon=9.0 tue=9.0 wed=9.0 thu=9.0 fri=9.0 sat=0.0 sun=0.0
2026-03-05 01:00:45,909 INFO NTT OCR autofill ok upload_id=75 week_start=2026-01-04 found_days=7
2026-03-05 09:43:28,787 INFO Starting server...
2026-03-05 09:43:28,787 INFO URL: http://127.0.0.1:8000
2026-03-05 09:44:24,572 INFO Starting server...
2026-03-05 09:44:24,572 INFO URL: http://127.0.0.1:8000
2026-03-05 09:55:33,237 INFO Starting server...
2026-03-05 09:55:33,237 INFO URL: http://127.0.0.1:8000
2026-03-05 09:57:31,583 INFO ===== UPLOAD RECEIVED: module=PPM upload_id=76 path=uploads\PPM_admin_20260305_095731_20260305095731.png =====
2026-03-05 09:57:34,776 INFO PPM OCR dual-pass row values: 11=[0.0, 9.0, 9.0, 0.0, 9.0, 9.0, 0.0, 45.0], 6=[0.0, 9.0, 9.0, 9.0, 9.0, 0.0, 0.0, 45.0] => {'week_start': '', '_found_days': 7, 'remaining_planned': 73.7, 'sun': 0.0, 'mon': 9.0, 'tue': 9.0, 'wed': 9.0, 'thu': 9.0, 'fri': 9.0, 'sat': 0.0}
2026-03-05 09:57:34,806 INFO PPM OCR autofill ok upload_id=76 week_start=2026-03-01
2026-03-05 09:58:08,918 INFO ===== UPLOAD RECEIVED: module=VERIFY upload_id=77 path=uploads\PPM_76_20260305095808.png =====
2026-03-05 09:58:54,219 INFO ===== UPLOAD RECEIVED: module=NTT upload_id=78 path=uploads\NTT_admin_20260305_095854_20260305095854.png =====
2026-03-05 09:58:54,219 INFO NTT OCR starting for upload_id=78 path=uploads\NTT_admin_20260305_095854_20260305095854.png
2026-03-05 09:58:55,841 INFO NTT OCR: entered_x = 1847.5
2026-03-05 09:58:55,865 INFO NTT OCR: day_header_ys = {'sun': 367.5, 'mon': 487.5, 'tue': 605.0, 'wed': 724.5, 'fri': 962.5, 'sat': 1080.0, 'thu': 842.5}
2026-03-05 09:58:55,874 INFO NTT OCR: Found 0.00 for sun at (1818.5, 425.5)
2026-03-05 09:58:55,875 INFO NTT OCR: Found 9.00 for mon at (1818.5, 543.0)
2026-03-05 09:58:55,876 INFO NTT OCR: Found 9.00 for tue at (1818.5, 662.5)
2026-03-05 09:58:55,876 INFO NTT OCR: Found 9.00 for wed at (1818.5, 780.5)
2026-03-05 09:58:55,877 INFO NTT OCR: Found 9.00 for thu at (1818.5, 900.5)
2026-03-05 09:58:55,877 INFO NTT OCR: Found 9.00 for fri at (1818.5, 1020.0)
2026-03-05 09:58:55,877 INFO NTT OCR: Found 0.00 for sat at (1817.5, 1141.0)
2026-03-05 09:58:55,878 INFO NTT OCR: Found 0.00 for sat at (1818.5, 1138.0)
2026-03-05 09:58:55,878 INFO NTT OCR result: {'sun': 0.0, 'mon': 9.0, 'tue': 9.0, 'wed': 9.0, 'thu': 9.0, 'fri': 9.0, 'sat': 0.0, '_found_days': 7, 'week_start': '2026-02-22'}
2026-03-05 09:58:55,880 INFO NTT OCR parsed result: {'sun': 0.0, 'mon': 9.0, 'tue': 9.0, 'wed': 9.0, 'thu': 9.0, 'fri': 9.0, 'sat': 0.0, '_found_days': 7, 'week_start': '2026-02-22'}
2026-03-05 09:58:55,882 INFO NTT OCR upsert: upload_id=78 ws=2026-02-22 mon=9.0 tue=9.0 wed=9.0 thu=9.0 fri=9.0 sat=0.0 sun=0.0
2026-03-05 09:58:55,920 INFO NTT OCR autofill ok upload_id=78 week_start=2026-02-22 found_days=7
2026-03-05 09:59:50,867 INFO ===== UPLOAD RECEIVED: module=NTT upload_id=79 path=uploads\NTT_admin_20260305_095950_20260305095950.png =====
2026-03-05 09:59:50,867 INFO NTT OCR starting for upload_id=79 path=uploads\NTT_admin_20260305_095950_20260305095950.png
2026-03-05 09:59:52,637 INFO NTT OCR: entered_x = 1973.5
2026-03-05 09:59:52,638 INFO NTT OCR: day_header_ys = {'sun': 367.5, 'mon': 471.5, 'tue': 572.5, 'wed': 681.0, 'thu': 780.5, 'fri': 879.0, 'sat': 992.5}
2026-03-05 09:59:52,639 INFO NTT OCR: Found 0.00 for sun at (1944.0, 417.0)
2026-03-05 09:59:52,640 INFO NTT OCR: Found 9.00 for mon at (1945.5, 521.0)
2026-03-05 09:59:52,640 INFO NTT OCR: Found 9.00 for tue at (1945.5, 625.0)
2026-03-05 09:59:52,641 INFO NTT OCR: Found 0.00 for wed at (1945.5, 730.5)
2026-03-05 09:59:52,641 INFO NTT OCR: Found 9.00 for thu at (1945.0, 834.0)
2026-03-05 09:59:52,641 INFO NTT OCR: Found 9.00 for fri at (1944.5, 934.5)
2026-03-05 09:59:52,641 INFO NTT OCR: Found 0.00 for sat at (1944.0, 1041.0)
2026-03-05 09:59:52,642 INFO NTT OCR result: {'sun': 0.0, 'mon': 9.0, 'tue': 9.0, 'wed': 0.0, 'thu': 9.0, 'fri': 9.0, 'sat': 0.0, '_found_days': 7, 'week_start': '2026-01-11'}
2026-03-05 09:59:52,643 INFO NTT OCR parsed result: {'sun': 0.0, 'mon': 9.0, 'tue': 9.0, 'wed': 0.0, 'thu': 9.0, 'fri': 9.0, 'sat': 0.0, '_found_days': 7, 'week_start': '2026-01-11'}
2026-03-05 09:59:52,644 INFO NTT OCR upsert: upload_id=79 ws=2026-01-11 mon=9.0 tue=9.0 wed=0.0 thu=9.0 fri=9.0 sat=0.0 sun=0.0
2026-03-05 09:59:52,672 INFO NTT OCR autofill ok upload_id=79 week_start=2026-01-11 found_days=7
2026-03-05 10:00:39,138 INFO ===== UPLOAD RECEIVED: module=PPM upload_id=80 path=uploads\PPM_admin_20260305_100039_20260305100039.png =====
2026-03-05 10:00:40,018 INFO PPM OCR dual-pass row values: 11=[0.0, 9.0, 9.0, 9.0, 9.0, 9.0, 0.0, 45.0], 6=[0.0, 9.0, 9.0, 9.0, 9.0, 9.0, 0.0, 45.0] => {'week_start': '2026-02-22', '_found_days': 7, 'remaining_planned': 0.2, 'sun': 0.0, 'mon': 9.0, 'tue': 9.0, 'wed': 9.0, 'thu': 9.0, 'fri': 9.0, 'sat': 0.0}
2026-03-05 10:00:40,039 INFO PPM OCR autofill ok upload_id=80 week_start=2026-02-22
2026-03-05 10:27:31,561 INFO Server stopped by user
2026-03-05 10:28:20,369 INFO Starting server...
2026-03-05 10:28:20,370 INFO URL: http://127.0.0.1:8000
2026-03-05 11:44:43,935 INFO Server stopped by user
2026-03-05 11:45:50,924 INFO Starting server...
2026-03-05 11:45:50,924 INFO URL: http://127.0.0.1:8000
2026-03-05 11:47:59,450 INFO ===== UPLOAD RECEIVED: module=PPM upload_id=81 path=uploads\PPM_admin_20260305_114759_20260305114759.png =====
2026-03-05 11:48:05,867 INFO PPM OCR dual-pass row values: 11=[0.0, 9.0, 9.0, 0.0, 9.0, 9.0, 0.0, 45.0], 6=[0.0, 9.0, 9.0, 9.0, 9.0, 0.0, 0.0, 45.0] => {'week_start': '', '_found_days': 7, 'remaining_planned': 73.7, 'sun': 0.0, 'mon': 9.0, 'tue': 9.0, 'wed': 9.0, 'thu': 9.0, 'fri': 9.0, 'sat': 0.0}
2026-03-05 11:48:05,898 INFO PPM OCR autofill ok upload_id=81 week_start=2026-03-01
2026-03-05 11:48:32,368 INFO ===== UPLOAD RECEIVED: module=VERIFY upload_id=82 path=uploads\PPM_81_20260305114832.png =====
2026-03-05 11:50:42,331 INFO ===== UPLOAD RECEIVED: module=NTT upload_id=83 path=uploads\NTT_admin_20260305_115042_20260305115042.png =====
2026-03-05 11:50:42,332 INFO NTT OCR starting for upload_id=83 path=uploads\NTT_admin_20260305_115042_20260305115042.png
2026-03-05 11:50:43,640 INFO NTT OCR: entered_x = 1846.5
2026-03-05 11:50:43,640 INFO NTT OCR: day_header_ys = {'mon': 439.5, 'tue': 557.5, 'wed': 677.0, 'thu': 794.5, 'sat': 1032.0, 'fri': 914.5}
2026-03-05 11:50:43,643 INFO NTT OCR: Found 0.00 for mon at (1818.5, 500.0)
2026-03-05 11:50:43,643 INFO NTT OCR: Found 0.00 for tue at (1818.5, 615.0)
2026-03-05 11:50:43,644 INFO NTT OCR: Found 0.00 for wed at (1818.5, 728.5)
2026-03-05 11:50:43,644 INFO NTT OCR: Found 0.00 for thu at (1817.5, 855.0)
2026-03-05 11:50:43,644 INFO NTT OCR: Found 0.00 for fri at (1818.5, 972.0)
2026-03-05 11:50:43,644 INFO NTT OCR: Found 0.00 for sat at (1816.5, 1092.0)
2026-03-05 11:50:43,645 INFO NTT OCR result: {'sun': 0.0, 'mon': 0.0, 'tue': 0.0, 'wed': 0.0, 'thu': 0.0, 'fri': 0.0, 'sat': 0.0, '_found_days': 6, 'week_start': '2026-03-01'}
2026-03-05 11:50:43,646 INFO NTT OCR parsed result: {'sun': 0.0, 'mon': 0.0, 'tue': 0.0, 'wed': 0.0, 'thu': 0.0, 'fri': 0.0, 'sat': 0.0, '_found_days': 6, 'week_start': '2026-03-01'}
2026-03-05 11:50:43,646 INFO NTT OCR upsert: upload_id=83 ws=2026-03-01 mon=0.0 tue=0.0 wed=0.0 thu=0.0 fri=0.0 sat=0.0 sun=0.0
2026-03-05 11:50:43,677 INFO NTT OCR autofill ok upload_id=83 week_start=2026-03-01 found_days=6
2026-03-05 11:51:31,629 INFO ===== UPLOAD RECEIVED: module=NTT upload_id=84 path=uploads\NTT_admin_20260305_115131_20260305115131.png =====
2026-03-05 11:51:31,629 INFO NTT OCR starting for upload_id=84 path=uploads\NTT_admin_20260305_115131_20260305115131.png
2026-03-05 11:51:33,041 INFO NTT OCR: entered_x = 1846.5
2026-03-05 11:51:33,042 INFO NTT OCR: day_header_ys = {'mon': 440.0, 'tue': 557.5, 'wed': 677.0, 'fri': 914.0, 'sat': 1032.0, 'thu': 794.5}
2026-03-05 11:51:33,043 INFO NTT OCR: Found 9.00 for mon at (1817.5, 496.5)
2026-03-05 11:51:33,043 INFO NTT OCR: Found 9.00 for tue at (1818.5, 615.0)
2026-03-05 11:51:33,043 INFO NTT OCR: Found 9.00 for wed at (1818.5, 732.5)
2026-03-05 11:51:33,043 INFO NTT OCR: Found 9.00 for thu at (1818.5, 852.5)
2026-03-05 11:51:33,044 INFO NTT OCR: Found 9.00 for fri at (1818.5, 972.0)
2026-03-05 11:51:33,044 INFO NTT OCR: Found 0.00 for sat at (1816.5, 1092.0)
2026-03-05 11:51:33,044 INFO NTT OCR result: {'sun': 0.0, 'mon': 9.0, 'tue': 9.0, 'wed': 9.0, 'thu': 9.0, 'fri': 9.0, 'sat': 0.0, '_found_days': 6, 'week_start': '2026-02-22'}
2026-03-05 11:51:33,045 INFO NTT OCR parsed result: {'sun': 0.0, 'mon': 9.0, 'tue': 9.0, 'wed': 9.0, 'thu': 9.0, 'fri': 9.0, 'sat': 0.0, '_found_days': 6, 'week_start': '2026-02-22'}
2026-03-05 11:51:33,046 INFO NTT OCR upsert: upload_id=84 ws=2026-02-22 mon=9.0 tue=9.0 wed=9.0 thu=9.0 fri=9.0 sat=0.0 sun=0.0
2026-03-05 11:51:33,070 INFO NTT OCR autofill ok upload_id=84 week_start=2026-02-22 found_days=6
2026-03-05 11:57:41,097 INFO Server stopped by user
2026-03-05 11:57:45,416 INFO Starting server...
2026-03-05 11:57:45,416 INFO URL: http://127.0.0.1:8000
2026-03-05 11:59:14,902 INFO ===== UPLOAD RECEIVED: module=PPM upload_id=85 path=uploads\PPM_admin_20260305_115914_20260305115914.png =====
2026-03-05 11:59:16,104 INFO PPM OCR dual-pass row values: 11=[0.0, 9.0, 9.0, 9.0, 9.0, 9.0, 0.0, 45.0], 6=[0.0, 9.0, 9.0, 9.0, 9.0, 9.0, 0.0, 45.0] => {'week_start': '2026-02-22', '_found_days': 7, 'remaining_planned': 0.2, 'sun': 0.0, 'mon': 9.0, 'tue': 9.0, 'wed': 9.0, 'thu': 9.0, 'fri': 9.0, 'sat': 0.0}
2026-03-05 11:59:16,132 INFO PPM OCR autofill ok upload_id=85 week_start=2026-02-22
2026-03-05 11:59:31,353 INFO ===== UPLOAD RECEIVED: module=VERIFY upload_id=86 path=uploads\PPM_85_20260305115931.png =====
2026-03-05 12:00:08,590 INFO ===== UPLOAD RECEIVED: module=NTT upload_id=87 path=uploads\NTT_admin_20260305_120008_20260305120008.png =====
2026-03-05 12:00:08,590 INFO NTT OCR starting for upload_id=87 path=uploads\NTT_admin_20260305_120008_20260305120008.png
2026-03-05 12:00:10,071 INFO NTT OCR: entered_x = 1846.5
2026-03-05 12:00:10,072 INFO NTT OCR: day_header_ys = {'mon': 440.0, 'tue': 558.0, 'wed': 677.0, 'sat': 1032.0, 'thu': 794.5, 'fri': 914.5}
2026-03-05 12:00:10,074 INFO NTT OCR: Found 9.00 for mon at (1818.0, 497.0)
2026-03-05 12:00:10,075 INFO NTT OCR: Found 9.00 for tue at (1818.5, 615.0)
2026-03-05 12:00:10,075 INFO NTT OCR: Found 9.00 for wed at (1818.5, 732.5)
2026-03-05 12:00:10,075 INFO NTT OCR: Found 9.00 for thu at (1818.5, 852.5)
2026-03-05 12:00:10,076 INFO NTT OCR: Found 9.00 for fri at (1818.5, 972.0)
2026-03-05 12:00:10,076 INFO NTT OCR: Found 0.00 for sat at (1817.0, 1091.5)
2026-03-05 12:00:10,076 INFO NTT OCR result: {'sun': 0.0, 'mon': 9.0, 'tue': 9.0, 'wed': 9.0, 'thu': 9.0, 'fri': 9.0, 'sat': 0.0, '_found_days': 6, 'week_start': '2026-02-15'}
2026-03-05 12:00:10,079 INFO NTT OCR parsed result: {'sun': 0.0, 'mon': 9.0, 'tue': 9.0, 'wed': 9.0, 'thu': 9.0, 'fri': 9.0, 'sat': 0.0, '_found_days': 6, 'week_start': '2026-02-15'}
2026-03-05 12:00:10,080 INFO NTT OCR upsert: upload_id=87 ws=2026-02-15 mon=9.0 tue=9.0 wed=9.0 thu=9.0 fri=9.0 sat=0.0 sun=0.0
2026-03-05 12:00:10,107 INFO NTT OCR autofill ok upload_id=87 week_start=2026-02-15 found_days=6
2026-03-05 12:05:11,083 INFO Server stopped by user
2026-03-05 12:05:14,960 INFO Starting server...
2026-03-05 12:05:14,960 INFO URL: http://127.0.0.1:8000
2026-03-05 12:06:29,818 INFO ===== UPLOAD RECEIVED: module=NTT upload_id=88 path=uploads\NTT_admin_20260305_120629_20260305120629.png =====
2026-03-05 12:06:29,819 INFO NTT OCR starting for upload_id=88 path=uploads\NTT_admin_20260305_120629_20260305120629.png
2026-03-05 12:06:31,542 INFO NTT OCR: entered_x = 1846.5
2026-03-05 12:06:31,543 INFO NTT OCR: day_header_ys = {'mon': 440.0, 'tue': 557.5, 'wed': 677.0, 'fri': 914.0, 'sat': 1032.0, 'thu': 794.5}
2026-03-05 12:06:31,546 INFO NTT OCR: Found 9.00 for mon at (1817.5, 496.5)
2026-03-05 12:06:31,547 INFO NTT OCR: Found 9.00 for tue at (1818.5, 615.0)
2026-03-05 12:06:31,547 INFO NTT OCR: Found 9.00 for wed at (1818.5, 732.5)
2026-03-05 12:06:31,547 INFO NTT OCR: Found 9.00 for thu at (1818.5, 852.5)
2026-03-05 12:06:31,548 INFO NTT OCR: Found 9.00 for fri at (1818.5, 972.0)
2026-03-05 12:06:31,548 INFO NTT OCR: Found 0.00 for sat at (1816.5, 1092.0)
2026-03-05 12:06:31,549 INFO NTT OCR result: {'sun': 0.0, 'mon': 9.0, 'tue': 9.0, 'wed': 9.0, 'thu': 9.0, 'fri': 9.0, 'sat': 0.0, '_found_days': 6, 'week_start': '2026-02-22'}
2026-03-05 12:06:31,550 INFO NTT OCR parsed result: {'sun': 0.0, 'mon': 9.0, 'tue': 9.0, 'wed': 9.0, 'thu': 9.0, 'fri': 9.0, 'sat': 0.0, '_found_days': 6, 'week_start': '2026-02-22'}
2026-03-05 12:06:31,551 INFO NTT OCR upsert: upload_id=88 ws=2026-02-22 mon=9.0 tue=9.0 wed=9.0 thu=9.0 fri=9.0 sat=0.0 sun=0.0
2026-03-05 12:06:31,581 INFO NTT OCR autofill ok upload_id=88 week_start=2026-02-22 found_days=6
2026-03-05 12:22:03,032 INFO Server stopped by user
2026-03-05 12:22:14,473 INFO Starting server...
2026-03-05 12:22:14,474 INFO URL: http://127.0.0.1:8000
2026-03-05 12:23:03,149 INFO ===== UPLOAD RECEIVED: module=NTT upload_id=89 path=uploads\NTT_admin_20260305_122303_20260305122303.png =====
2026-03-05 12:23:03,149 INFO NTT OCR starting for upload_id=89 path=uploads\NTT_admin_20260305_122303_20260305122303.png
2026-03-05 12:23:05,163 INFO NTT OCR: entered_x = 1846.5
2026-03-05 12:23:05,164 INFO NTT OCR: day_header_ys = {'mon': 440.0, 'tue': 557.5, 'wed': 677.0, 'fri': 914.0, 'sat': 1032.0, 'thu': 794.5}
2026-03-05 12:23:05,167 INFO NTT OCR: Found 9.00 for mon at (1817.5, 496.5)
2026-03-05 12:23:05,167 INFO NTT OCR: Found 9.00 for tue at (1818.5, 615.0)
2026-03-05 12:23:05,168 INFO NTT OCR: Found 9.00 for wed at (1818.5, 732.5)
2026-03-05 12:23:05,168 INFO NTT OCR: Found 9.00 for thu at (1818.5, 852.5)
2026-03-05 12:23:05,168 INFO NTT OCR: Found 9.00 for fri at (1818.5, 972.0)
2026-03-05 12:23:05,168 INFO NTT OCR: Found 0.00 for sat at (1816.5, 1092.0)
2026-03-05 12:23:05,169 INFO NTT OCR result: {'sun': 0.0, 'mon': 9.0, 'tue': 9.0, 'wed': 9.0, 'thu': 9.0, 'fri': 9.0, 'sat': 0.0, '_found_days': 6, 'week_start': '2026-02-22'}
2026-03-05 12:23:05,171 INFO NTT OCR parsed result: {'sun': 0.0, 'mon': 9.0, 'tue': 9.0, 'wed': 9.0, 'thu': 9.0, 'fri': 9.0, 'sat': 0.0, '_found_days': 6, 'week_start': '2026-02-22'}
2026-03-05 12:23:05,171 INFO NTT OCR upsert: upload_id=89 ws=2026-02-22 mon=9.0 tue=9.0 wed=9.0 thu=9.0 fri=9.0 sat=0.0 sun=0.0
2026-03-05 12:23:05,202 INFO NTT OCR autofill ok upload_id=89 week_start=2026-02-22 found_days=6
2026-03-05 12:41:27,862 INFO Server stopped by user
2026-03-05 12:41:38,796 INFO Starting server...
2026-03-05 12:41:38,796 INFO URL: http://127.0.0.1:8000
2026-03-05 12:44:18,028 INFO ===== UPLOAD RECEIVED: module=NTT upload_id=90 path=uploads\NTT_admin_20260305_124417_20260305124417.png =====
2026-03-05 12:44:18,029 INFO NTT OCR starting for upload_id=90 path=uploads\NTT_admin_20260305_124417_20260305124417.png
2026-03-05 12:44:19,984 INFO NTT OCR: entered_x = 1846.5
2026-03-05 12:44:19,985 INFO NTT OCR: day_header_ys = {'mon': 383.5, 'tue': 501.0, 'wed': 621.0, 'fri': 858.5, 'sat': 976.5, 'thu': 738.5}
2026-03-05 12:44:19,989 INFO NTT OCR: Found 9.00 for mon at (1818.5, 439.5)
2026-03-05 12:44:19,990 INFO NTT OCR: Found 9.00 for tue at (1818.5, 559.0)
2026-03-05 12:44:19,990 INFO NTT OCR: Found 9.00 for wed at (1818.5, 676.5)
2026-03-05 12:44:19,990 INFO NTT OCR: Found 9.00 for thu at (1818.5, 796.5)
2026-03-05 12:44:19,991 INFO NTT OCR: Found 9.00 for fri at (1818.5, 916.5)
2026-03-05 12:44:19,991 INFO NTT OCR: Found 0.00 for sat at (1818.0, 1036.0)
2026-03-05 12:44:19,991 INFO NTT OCR result: {'sun': 0.0, 'mon': 9.0, 'tue': 9.0, 'wed': 9.0, 'thu': 9.0, 'fri': 9.0, 'sat': 0.0, '_found_days': 6, 'week_start': '2026-02-22'}
2026-03-05 12:44:19,993 INFO NTT OCR parsed result: {'sun': 0.0, 'mon': 9.0, 'tue': 9.0, 'wed': 9.0, 'thu': 9.0, 'fri': 9.0, 'sat': 0.0, '_found_days': 6, 'week_start': '2026-02-22'}
2026-03-05 12:44:19,993 INFO NTT OCR upsert: upload_id=90 ws=2026-02-22 mon=9.0 tue=9.0 wed=9.0 thu=9.0 fri=9.0 sat=0.0 sun=0.0
2026-03-05 12:44:20,021 INFO NTT OCR autofill ok upload_id=90 week_start=2026-02-22 found_days=6
2026-03-05 13:15:37,034 INFO Server stopped by user
2026-03-05 13:15:49,544 INFO Starting server...
2026-03-05 13:15:49,544 INFO URL: http://127.0.0.1:8000
2026-03-05 13:27:28,210 INFO Server stopped by user
2026-03-05 13:27:43,071 INFO Starting server...
2026-03-05 13:27:43,072 INFO URL: http://127.0.0.1:8000
2026-03-05 13:35:25,490 INFO Server stopped by user
2026-03-05 13:35:42,071 INFO Starting server...
2026-03-05 13:35:42,072 INFO URL: http://127.0.0.1:8000
2026-03-05 13:40:11,420 INFO Server stopped by user
2026-03-05 13:40:34,129 INFO Starting server...
2026-03-05 13:40:34,129 INFO URL: http://127.0.0.1:8000
2026-03-05 13:49:50,118 INFO Server stopped by user
2026-03-05 13:50:17,364 INFO Starting server...
2026-03-05 13:50:17,365 INFO URL: http://127.0.0.1:8000
2026-03-05 13:59:17,466 INFO Server stopped by user
2026-03-05 13:59:47,744 INFO Starting server...
2026-03-05 13:59:47,745 INFO URL: http://127.0.0.1:8000
2026-03-05 14:04:23,930 INFO Server stopped by user
2026-03-05 14:06:46,747 INFO Starting server...
2026-03-05 14:06:46,748 INFO URL: http://127.0.0.1:8000
2026-03-05 14:23:05,517 INFO Server stopped by user
2026-03-05 14:23:12,729 INFO Starting server...
2026-03-05 14:23:12,729 INFO URL: http://127.0.0.1:8000
2026-03-05 14:53:12,488 INFO Server stopped by user
2026-03-05 14:53:34,375 INFO Starting server...
2026-03-05 14:53:34,375 INFO URL: http://127.0.0.1:8000
2026-03-05 15:06:10,832 INFO ===== UPLOAD RECEIVED: module=PPM upload_id=91 path=uploads\PPM_admin_20260305_150610_20260305150610.png =====
2026-03-05 15:06:14,600 INFO PPM OCR dual-pass row values: 11=[0.0, 9.0, 9.0, 0.0, 9.0, 9.0, 0.0, 45.0], 6=[0.0, 9.0, 9.0, 9.0, 9.0, 0.0, 0.0, 45.0] => {'week_start': '', '_found_days': 7, 'remaining_planned': 73.7, 'sun': 0.0, 'mon': 9.0, 'tue': 9.0, 'wed': 9.0, 'thu': 9.0, 'fri': 9.0, 'sat': 0.0}
2026-03-05 15:06:14,649 INFO PPM OCR autofill ok upload_id=91 week_start=2026-03-01
2026-03-05 15:06:29,931 INFO ===== UPLOAD RECEIVED: module=VERIFY upload_id=92 path=uploads\PPM_91_20260305150629.png =====
2026-03-05 15:35:29,328 INFO Server stopped by user
2026-03-05 15:35:54,204 INFO Starting server...
2026-03-05 15:35:54,204 INFO URL: http://127.0.0.1:8000
2026-03-05 15:36:22,703 INFO ===== UPLOAD RECEIVED: module=NTT upload_id=93 path=uploads\NTT_admin_20260305_153622_20260305153622.png =====
2026-03-05 15:36:22,704 INFO NTT OCR starting for upload_id=93 path=uploads\NTT_admin_20260305_153622_20260305153622.png
2026-03-05 15:36:27,182 INFO NTT OCR: entered_x = 1846.5, entered_y = 339.5
2026-03-05 15:36:27,184 INFO NTT OCR: day_header_ys = {'sun': 391.5, 'mon': 511.5, 'tue': 629.0, 'wed': 748.5, 'fri': 987.0, 'sat': 1104.0, 'thu': 866.5}
2026-03-05 15:36:27,194 INFO NTT OCR: Found 0.00 for sun at (1817.0, 452.5)
2026-03-05 15:36:27,196 INFO NTT OCR: Found 9.00 for mon at (1817.0, 569.5)
2026-03-05 15:36:27,197 INFO NTT OCR: Found 9.00 for tue at (1818.5, 686.5)
2026-03-05 15:36:27,198 INFO NTT OCR: Found 9.00 for wed at (1818.0, 806.0)
2026-03-05 15:36:27,199 INFO NTT OCR: Found 9.00 for thu at (1818.5, 924.5)
2026-03-05 15:36:27,200 INFO NTT OCR: Found 9.00 for fri at (1818.5, 1044.0)
2026-03-05 15:36:27,201 INFO NTT OCR result: {'sun': 0.0, 'mon': 9.0, 'tue': 9.0, 'wed': 9.0, 'thu': 9.0, 'fri': 9.0, 'sat': 0.0, '_found_days': 6, 'has_draft': True, 'week_start': '2026-03-01'}
2026-03-05 15:36:27,204 INFO NTT OCR parsed result: {'sun': 0.0, 'mon': 9.0, 'tue': 9.0, 'wed': 9.0, 'thu': 9.0, 'fri': 9.0, 'sat': 0.0, '_found_days': 6, 'has_draft': True, 'week_start': '2026-03-01'}
2026-03-05 15:36:27,205 INFO NTT OCR upsert: upload_id=93 ws=2026-03-01 mon=9.0 tue=9.0 wed=9.0 thu=9.0 fri=9.0 sat=0.0 sun=0.0
2026-03-05 15:36:27,270 INFO NTT OCR autofill ok upload_id=93 week_start=2026-03-01 found_days=6
2026-03-05 20:37:34,826 INFO Starting server...
2026-03-05 20:37:34,827 INFO URL: http://127.0.0.1:8000
2026-03-05 21:03:31,748 INFO ===== UPLOAD RECEIVED: module=PPM upload_id=94 path=uploads\PPM_Sindhu_20260305_210331_20260305210331.png =====
2026-03-05 21:03:38,916 INFO PPM OCR dual-pass row values: 11=[0.0, 9.0, 9.0, 9.0, 9.0, 9.0, 0.0, 45.0], 6=[0.0, 9.0, 9.0, 9.0, 9.0, 0.0, 0.0, 45.0] => {'week_start': '', '_found_days': 7, 'remaining_planned': 73.7, 'sun': 0.0, 'mon': 9.0, 'tue': 9.0, 'wed': 9.0, 'thu': 9.0, 'fri': 9.0, 'sat': 0.0}
2026-03-05 21:03:38,968 INFO PPM OCR autofill ok upload_id=94 week_start=2026-03-01
2026-03-05 21:03:57,950 INFO ===== UPLOAD RECEIVED: module=VERIFY upload_id=95 path=uploads\PPM_94_20260305210357.png =====
2026-03-05 21:05:28,994 INFO ===== UPLOAD RECEIVED: module=NTT upload_id=96 path=uploads\NTT_Sindhu_20260305_210528_20260305210528.png =====
2026-03-05 21:05:28,995 INFO NTT OCR starting for upload_id=96 path=uploads\NTT_Sindhu_20260305_210528_20260305210528.png
2026-03-05 21:05:31,538 INFO NTT OCR: entered_x = 1847.5, entered_y = 361.0
2026-03-05 21:05:31,540 INFO NTT OCR: day_header_ys = {'sun': 415.0, 'mon': 535.5, 'tue': 653.0, 'wed': 772.5, 'thu': 890.5, 'fri': 1010.0, 'sat': 1128.0}
2026-03-05 21:05:31,554 INFO NTT OCR: Found 0.00 for sun at (1817.0, 476.5)
2026-03-05 21:05:31,555 INFO NTT OCR: Found 9.00 for mon at (1817.0, 594.5)
2026-03-05 21:05:31,556 INFO NTT OCR: Found 9.00 for tue at (1818.5, 710.5)
2026-03-05 21:05:31,557 INFO NTT OCR: Found 9.00 for wed at (1818.5, 831.0)
2026-03-05 21:05:31,558 INFO NTT OCR: Found 9.00 for thu at (1818.5, 948.5)
2026-03-05 21:05:31,559 INFO NTT OCR: Found 9.00 for fri at (1818.5, 1068.0)
2026-03-05 21:05:31,560 INFO NTT OCR result: {'sun': 0.0, 'mon': 9.0, 'tue': 9.0, 'wed': 9.0, 'thu': 9.0, 'fri': 9.0, 'sat': 0.0, '_found_days': 6, 'has_draft': True, 'week_start': '2026-03-01'}
2026-03-05 21:05:31,562 INFO NTT OCR parsed result: {'sun': 0.0, 'mon': 9.0, 'tue': 9.0, 'wed': 9.0, 'thu': 9.0, 'fri': 9.0, 'sat': 0.0, '_found_days': 6, 'has_draft': True, 'week_start': '2026-03-01'}
2026-03-05 21:05:31,565 INFO NTT OCR upsert: upload_id=96 ws=2026-03-01 mon=9.0 tue=9.0 wed=9.0 thu=9.0 fri=9.0 sat=0.0 sun=0.0
2026-03-05 21:05:31,634 INFO NTT OCR autofill ok upload_id=96 week_start=2026-03-01 found_days=6
2026-03-05 21:29:15,244 INFO Server stopped by user
2026-03-05 21:29:53,373 INFO Starting server...
2026-03-05 21:29:53,373 INFO URL: http://127.0.0.1:8000
2026-03-05 21:37:42,746 INFO Server stopped by user
2026-03-05 21:38:05,473 INFO Starting server...
2026-03-05 21:38:05,473 INFO URL: http://127.0.0.1:8000
2026-03-05 21:58:38,657 INFO Server stopped by user
2026-03-05 21:59:00,752 INFO Starting server...
2026-03-05 21:59:00,753 INFO URL: http://127.0.0.1:8000
2026-03-05 23:31:25,248 INFO Server stopped by user
2026-03-05 23:31:51,869 INFO Starting server...
2026-03-05 23:31:51,869 INFO URL: http://127.0.0.1:8000
2026-03-05 23:43:23,764 INFO Server stopped by user
2026-03-05 23:43:44,503 INFO Starting server...
2026-03-05 23:43:44,503 INFO URL: http://127.0.0.1:8000
2026-03-05 23:52:10,788 INFO Server stopped by user
2026-03-05 23:52:23,350 INFO Starting server...
2026-03-05 23:52:23,350 INFO URL: http://127.0.0.1:8000
2026-03-06 00:04:27,070 INFO Server stopped by user
2026-03-06 00:04:37,179 INFO Starting server...
2026-03-06 00:04:37,179 INFO URL: http://127.0.0.1:8000
2026-03-06 00:09:31,169 INFO ===== UPLOAD RECEIVED: module=PPM upload_id=97 path=uploads\PPM_Satheesh_20260306_000931_20260306000931.png =====
2026-03-06 00:09:33,133 INFO PPM OCR dual-pass row values: 11=[0.0, 9.0, 9.0, 9.0, 9.0, 9.0, 0.0, 45.0], 6=[0.0, 9.0, 9.0, 9.0, 9.0, 9.0, 0.0, 45.0] => {'week_start': '2026-02-22', '_found_days': 7, 'remaining_planned': 0.2, 'sun': 0.0, 'mon': 9.0, 'tue': 9.0, 'wed': 9.0, 'thu': 9.0, 'fri': 9.0, 'sat': 0.0}
2026-03-06 00:09:33,151 INFO PPM OCR autofill ok upload_id=97 week_start=2026-02-22
2026-03-06 00:09:52,692 INFO ===== UPLOAD RECEIVED: module=VERIFY upload_id=98 path=uploads\PPM_97_20260306000952.png =====
2026-03-06 00:14:18,613 INFO ===== UPLOAD RECEIVED: module=NTT upload_id=99 path=uploads\NTT_Satheesh_20260306_001418_20260306001418.png =====
2026-03-06 00:14:18,614 INFO NTT OCR starting for upload_id=99 path=uploads\NTT_Satheesh_20260306_001418_20260306001418.png
2026-03-06 00:14:20,165 INFO NTT OCR: entered_x = 1847.5, entered_y = 313.5
2026-03-06 00:14:20,166 INFO NTT OCR: day_header_ys = {'sun': 367.5, 'mon': 487.5, 'tue': 605.0, 'wed': 724.5, 'fri': 962.5, 'sat': 1080.0, 'thu': 842.5}
2026-03-06 00:14:20,171 INFO NTT OCR: Found 0.00 for sun at (1818.5, 425.5)
2026-03-06 00:14:20,172 INFO NTT OCR: Found 9.00 for mon at (1818.5, 543.0)
2026-03-06 00:14:20,172 INFO NTT OCR: Found 9.00 for tue at (1818.5, 662.5)
2026-03-06 00:14:20,173 INFO NTT OCR: Found 9.00 for wed at (1818.5, 780.5)
2026-03-06 00:14:20,173 INFO NTT OCR: Found 9.00 for thu at (1818.5, 900.5)
2026-03-06 00:14:20,174 INFO NTT OCR: Found 9.00 for fri at (1818.5, 1020.0)
2026-03-06 00:14:20,175 INFO NTT OCR: Found 0.00 for sat at (1818.5, 1138.0)
2026-03-06 00:14:20,176 INFO NTT OCR result: {'sun': 0.0, 'mon': 9.0, 'tue': 9.0, 'wed': 9.0, 'thu': 9.0, 'fri': 9.0, 'sat': 0.0, '_found_days': 7, 'has_draft': False, 'week_start': '2026-02-22'}
2026-03-06 00:14:20,178 INFO NTT OCR parsed result: {'sun': 0.0, 'mon': 9.0, 'tue': 9.0, 'wed': 9.0, 'thu': 9.0, 'fri': 9.0, 'sat': 0.0, '_found_days': 7, 'has_draft': False, 'week_start': '2026-02-22'}
2026-03-06 00:14:20,178 INFO NTT OCR upsert: upload_id=99 ws=2026-02-22 mon=9.0 tue=9.0 wed=9.0 thu=9.0 fri=9.0 sat=0.0 sun=0.0
2026-03-06 00:14:20,223 INFO NTT OCR autofill ok upload_id=99 week_start=2026-02-22 found_days=7
2026-03-06 00:15:26,003 INFO ===== UPLOAD RECEIVED: module=PPM upload_id=100 path=uploads\PPM_Arun_20260306_001525_20260306001525.png =====
2026-03-06 00:15:26,924 INFO PPM OCR dual-pass row values: 11=[0.0, 9.0, 9.0, 0.0, 9.0, 9.0, 0.0, 45.0], 6=[0.0, 9.0, 9.0, 9.0, 9.0, 0.0, 0.0, 45.0] => {'week_start': '', '_found_days': 7, 'remaining_planned': 73.7, 'sun': 0.0, 'mon': 9.0, 'tue': 9.0, 'wed': 9.0, 'thu': 9.0, 'fri': 9.0, 'sat': 0.0}
2026-03-06 00:15:26,943 INFO PPM OCR autofill ok upload_id=100 week_start=2026-03-01
2026-03-06 00:15:45,357 INFO ===== UPLOAD RECEIVED: module=VERIFY upload_id=101 path=uploads\PPM_100_20260306001545.png =====
2026-03-06 00:16:45,423 INFO ===== UPLOAD RECEIVED: module=NTT upload_id=102 path=uploads\NTT_Arun_20260306_001645_20260306001645.png =====
2026-03-06 00:16:45,423 INFO NTT OCR starting for upload_id=102 path=uploads\NTT_Arun_20260306_001645_20260306001645.png
2026-03-06 00:16:46,981 INFO NTT OCR: entered_x = 1846.5, entered_y = 313.5
2026-03-06 00:16:46,982 INFO NTT OCR: day_header_ys = {'mon': 383.5, 'tue': 502.0, 'wed': 621.0, 'fri': 858.5, 'sat': 976.5, 'thu': 738.5}
2026-03-06 00:16:46,983 INFO NTT OCR: Found 9.00 for mon at (1818.5, 442.0)
2026-03-06 00:16:46,983 INFO NTT OCR: Found 9.00 for tue at (1818.5, 559.0)
2026-03-06 00:16:46,984 INFO NTT OCR: Found 9.00 for wed at (1817.5, 676.5)
2026-03-06 00:16:46,984 INFO NTT OCR: Found 9.00 for thu at (1818.5, 796.5)
2026-03-06 00:16:46,985 INFO NTT OCR: Found 9.00 for fri at (1818.5, 916.5)
2026-03-06 00:16:46,985 INFO NTT OCR: Found 0.00 for sat at (1817.0, 1036.5)
2026-03-06 00:16:46,986 INFO NTT OCR result: {'sun': 0.0, 'mon': 9.0, 'tue': 9.0, 'wed': 9.0, 'thu': 9.0, 'fri': 9.0, 'sat': 0.0, '_found_days': 6, 'has_draft': True, 'week_start': '2026-03-01'}
2026-03-06 00:16:46,988 INFO NTT OCR parsed result: {'sun': 0.0, 'mon': 9.0, 'tue': 9.0, 'wed': 9.0, 'thu': 9.0, 'fri': 9.0, 'sat': 0.0, '_found_days': 6, 'has_draft': True, 'week_start': '2026-03-01'}
2026-03-06 00:16:46,988 INFO NTT OCR upsert: upload_id=102 ws=2026-03-01 mon=9.0 tue=9.0 wed=9.0 thu=9.0 fri=9.0 sat=0.0 sun=0.0
2026-03-06 00:16:47,028 INFO NTT OCR autofill ok upload_id=102 week_start=2026-03-01 found_days=6
2026-03-06 00:17:39,208 INFO ===== UPLOAD RECEIVED: module=PPM upload_id=103 path=uploads\PPM_Sindhu_20260306_001739_20260306001739.png =====
2026-03-06 00:17:40,096 INFO PPM OCR dual-pass row values: 11=[0.0, 9.0, 9.0, 0.0, 9.0, 9.0, 0.0, 45.0], 6=[0.0, 9.0, 9.0, 9.0, 9.0, 0.0, 0.0, 45.0] => {'week_start': '', '_found_days': 7, 'remaining_planned': 73.7, 'sun': 0.0, 'mon': 9.0, 'tue': 9.0, 'wed': 9.0, 'thu': 9.0, 'fri': 9.0, 'sat': 0.0}
2026-03-06 00:17:40,118 INFO PPM OCR autofill ok upload_id=103 week_start=2026-03-01
2026-03-06 00:17:54,262 INFO ===== UPLOAD RECEIVED: module=VERIFY upload_id=104 path=uploads\PPM_103_20260306001754.png =====
2026-03-06 09:32:42,568 INFO Server stopped by user
2026-03-06 09:33:00,480 INFO Starting server...
2026-03-06 09:33:00,480 INFO URL: http://127.0.0.1:8000
2026-03-06 09:38:32,023 INFO ===== UPLOAD RECEIVED: module=PPM upload_id=105 path=uploads\PPM_Sindhu_20260306_093831_20260306093831.png =====
2026-03-06 09:38:37,453 INFO PPM OCR dual-pass row values: 11=[0.0, 9.0, 9.0, 0.0, 9.0, 9.0, 0.0, 45.0], 6=[0.0, 9.0, 9.0, 9.0, 9.0, 0.0, 0.0, 45.0] => {'week_start': '', '_found_days': 7, 'remaining_planned': 73.7, 'sun': 0.0, 'mon': 9.0, 'tue': 9.0, 'wed': 9.0, 'thu': 9.0, 'fri': 9.0, 'sat': 0.0}
2026-03-06 09:38:37,503 INFO PPM OCR autofill ok upload_id=105 week_start=2026-03-01
2026-03-06 10:05:10,229 INFO ===== UPLOAD RECEIVED: module=VERIFY upload_id=106 path=uploads\PPM_105_20260306100510.png =====
2026-03-06 10:05:24,759 INFO ===== UPLOAD RECEIVED: module=PPM upload_id=107 path=uploads\PPM_Sindhu_20260306_100524_20260306100524.png =====
2026-03-06 10:05:28,319 INFO PPM OCR dual-pass row values: 11=[0.0, 9.0, 9.0, 0.0, 9.0, 9.0, 0.0, 45.0], 6=[0.0, 9.0, 9.0, 9.0, 9.0, 0.0, 0.0, 45.0] => {'week_start': '', '_found_days': 7, 'remaining_planned': 73.7, 'sun': 0.0, 'mon': 9.0, 'tue': 9.0, 'wed': 9.0, 'thu': 9.0, 'fri': 9.0, 'sat': 0.0}
2026-03-06 10:05:28,368 INFO PPM OCR autofill ok upload_id=107 week_start=2026-03-01
2026-03-06 10:19:11,124 INFO ===== UPLOAD RECEIVED: module=NTT upload_id=108 path=uploads\NTT_Sindhu_20260306_101911_20260306101911.png =====
2026-03-06 10:19:11,130 INFO NTT OCR starting for upload_id=108 path=uploads\NTT_Sindhu_20260306_101911_20260306101911.png
2026-03-06 10:19:14,192 INFO NTT OCR parsed result: None
2026-03-06 10:19:14,241 WARNING NTT OCR returned None for upload_id=108
2026-03-06 10:23:38,679 INFO Server stopped by user
2026-03-06 10:23:56,623 INFO Starting server...
2026-03-06 10:23:56,623 INFO URL: http://127.0.0.1:8000
2026-03-06 10:25:56,939 INFO ===== UPLOAD RECEIVED: module=PPM upload_id=109 path=uploads\PPM_admin_20260306_102556_20260306102556.png =====
2026-03-06 10:26:00,765 INFO PPM OCR dual-pass row values: 11=[0.0, 9.0, 9.0, 0.0, 9.0, 9.0, 0.0, 45.0], 6=[0.0, 9.0, 9.0, 9.0, 9.0, 0.0, 0.0, 45.0] => {'week_start': '', '_found_days': 7, 'remaining_planned': 73.7, 'sun': 0.0, 'mon': 9.0, 'tue': 9.0, 'wed': 9.0, 'thu': 9.0, 'fri': 9.0, 'sat': 0.0}
2026-03-06 10:26:00,807 INFO PPM OCR autofill ok upload_id=109 week_start=2026-03-01
2026-03-06 10:28:22,271 INFO ===== UPLOAD RECEIVED: module=PPM upload_id=110 path=uploads\PPM_admin_20260306_102822_20260306102822.png =====
2026-03-06 10:28:24,149 INFO PPM OCR dual-pass row values: 11=[0.0, 9.0, 9.0, 0.0, 9.0, 9.0, 0.0, 45.0], 6=[0.0, 9.0, 9.0, 9.0, 9.0, 0.0, 0.0, 45.0] => {'week_start': '', '_found_days': 7, 'remaining_planned': 73.7, 'sun': 0.0, 'mon': 9.0, 'tue': 9.0, 'wed': 9.0, 'thu': 9.0, 'fri': 9.0, 'sat': 0.0}
2026-03-06 10:28:24,201 INFO PPM OCR autofill ok upload_id=110 week_start=2026-03-01
2026-03-06 10:28:39,438 INFO ===== UPLOAD RECEIVED: module=VERIFY upload_id=111 path=uploads\PPM_110_20260306102839.png =====
2026-03-06 10:37:21,949 INFO Server stopped by user
2026-03-06 10:37:43,115 INFO Starting server...
2026-03-06 10:37:43,116 INFO URL: http://127.0.0.1:8000
2026-03-06 10:41:04,244 INFO ===== UPLOAD RECEIVED: module=PPM upload_id=112 path=uploads\PPM_admin_20260306_104104_20260306104104.png =====
2026-03-06 10:41:07,852 INFO PPM OCR dual-pass row values: 11=[0.0, 9.0, 9.0, 0.0, 9.0, 9.0, 0.0, 45.0], 6=[0.0, 9.0, 9.0, 9.0, 9.0, 0.0, 0.0, 45.0] => {'week_start': '', '_found_days': 7, 'remaining_planned': 73.7, 'sun': 0.0, 'mon': 9.0, 'tue': 9.0, 'wed': 9.0, 'thu': 9.0, 'fri': 9.0, 'sat': 0.0}
2026-03-06 10:41:07,901 INFO PPM OCR autofill ok upload_id=112 week_start=2026-03-01
2026-03-06 10:41:41,087 INFO ===== UPLOAD RECEIVED: module=VERIFY upload_id=113 path=uploads\PPM_112_20260306104141.png =====
2026-03-06 10:43:22,704 INFO ===== UPLOAD RECEIVED: module=NTT upload_id=114 path=uploads\NTT_admin_20260306_104322_20260306104322.png =====
2026-03-06 10:43:22,706 INFO NTT OCR starting for upload_id=114 path=uploads\NTT_admin_20260306_104322_20260306104322.png
2026-03-06 10:43:25,338 INFO NTT OCR: entered_x = 1847.5, entered_y = 365.0
2026-03-06 10:43:25,340 INFO NTT OCR: day_header_ys = {'sun': 419.0, 'mon': 539.5, 'tue': 656.5, 'wed': 776.5, 'thu': 894.5, 'fri': 1013.0, 'sat': 1132.0}
2026-03-06 10:43:25,351 INFO NTT OCR: Found 0.00 for sun at (1817.5, 478.5)
2026-03-06 10:43:25,352 INFO NTT OCR: Found 0.00 for sun at (1817.0, 480.5)
2026-03-06 10:43:25,353 INFO NTT OCR: Found 9.00 for mon at (1817.5, 596.5)
2026-03-06 10:43:25,354 INFO NTT OCR: Found 9.00 for tue at (1818.5, 714.5)
2026-03-06 10:43:25,355 INFO NTT OCR: Found 9.00 for wed at (1817.5, 833.5)
2026-03-06 10:43:25,355 INFO NTT OCR: Found 9.00 for thu at (1818.5, 952.5)
2026-03-06 10:43:25,356 INFO NTT OCR: Found 5.00 for fri at (1818.5, 1072.0)
2026-03-06 10:43:25,357 INFO NTT OCR result: {'sun': 0.0, 'mon': 9.0, 'tue': 9.0, 'wed': 9.0, 'thu': 9.0, 'fri': 5.0, 'sat': 0.0, '_found_days': 6, 'has_draft': True, 'week_start': '2026-03-01'}
2026-03-06 10:43:25,361 INFO NTT OCR parsed result: {'sun': 0.0, 'mon': 9.0, 'tue': 9.0, 'wed': 9.0, 'thu': 9.0, 'fri': 5.0, 'sat': 0.0, '_found_days': 6, 'has_draft': True, 'week_start': '2026-03-01'}
2026-03-06 10:43:25,362 INFO NTT OCR upsert: upload_id=114 ws=2026-03-01 mon=9.0 tue=9.0 wed=9.0 thu=9.0 fri=5.0 sat=0.0 sun=0.0
2026-03-06 10:43:25,432 INFO NTT OCR autofill ok upload_id=114 week_start=2026-03-01 found_days=6
2026-03-06 10:55:15,335 INFO Server stopped by user
2026-03-06 10:55:33,043 INFO Starting server...
2026-03-06 10:55:33,044 INFO URL: http://127.0.0.1:8000
2026-03-06 10:56:12,631 INFO ===== UPLOAD RECEIVED: module=NTT upload_id=115 path=uploads\NTT_Sindhu_20260306_105612_20260306105612.png =====
2026-03-06 10:56:12,632 INFO NTT OCR starting for upload_id=115 path=uploads\NTT_Sindhu_20260306_105612_20260306105612.png
2026-03-06 10:56:12,782 ERROR NTT OCR extraction failed (non-fatal).
Traceback (most recent call last):
  File "D:\Development\Timesheet-Tracker\test.py", line 7613, in do_POST
    parsed = extract_ntt_hours_from_screenshot_entered_column(save_path)
  File "D:\Development\Timesheet-Tracker\test.py", line 1519, in extract_ntt_hours_from_screenshot_entered_column
    proc = _preprocess_for_ocr(img)
  File "D:\Development\Timesheet-Tracker\test.py", line 1262, in _preprocess_for_ocr
    img = ImageOps.autocontrast(img)
  File "C:\Users\sindhu.sundara\AppData\Roaming\Python\Python314\site-packages\PIL\ImageOps.py", line 163, in autocontrast
    return _lut(image, lut)
  File "C:\Users\sindhu.sundara\AppData\Roaming\Python\Python314\site-packages\PIL\ImageOps.py", line 63, in _lut
    raise OSError(msg)
OSError: not supported for mode RGBA
2026-03-06 10:56:48,334 INFO ===== UPLOAD RECEIVED: module=NTT upload_id=116 path=uploads\NTT_Sindhu_20260306_105648_20260306105648.png =====
2026-03-06 10:56:48,335 INFO NTT OCR starting for upload_id=116 path=uploads\NTT_Sindhu_20260306_105648_20260306105648.png
2026-03-06 10:56:48,365 ERROR NTT OCR extraction failed (non-fatal).
Traceback (most recent call last):
  File "D:\Development\Timesheet-Tracker\test.py", line 7613, in do_POST
    parsed = extract_ntt_hours_from_screenshot_entered_column(save_path)
  File "D:\Development\Timesheet-Tracker\test.py", line 1519, in extract_ntt_hours_from_screenshot_entered_column
    proc = _preprocess_for_ocr(img)
  File "D:\Development\Timesheet-Tracker\test.py", line 1262, in _preprocess_for_ocr
    img = ImageOps.autocontrast(img)
  File "C:\Users\sindhu.sundara\AppData\Roaming\Python\Python314\site-packages\PIL\ImageOps.py", line 163, in autocontrast
    return _lut(image, lut)
  File "C:\Users\sindhu.sundara\AppData\Roaming\Python\Python314\site-packages\PIL\ImageOps.py", line 63, in _lut
    raise OSError(msg)
OSError: not supported for mode RGBA
2026-03-06 10:58:20,518 INFO ===== UPLOAD RECEIVED: module=PPM upload_id=117 path=uploads\PPM_Sindhu_20260306_105820_20260306105820.png =====
2026-03-06 10:58:20,542 ERROR PPM OCR extraction failed (non-fatal).
Traceback (most recent call last):
  File "D:\Development\Timesheet-Tracker\test.py", line 7591, in do_POST
    parsed = extract_ppm_hours_from_screenshot_total_row(save_path)
  File "D:\Development\Timesheet-Tracker\test.py", line 1330, in extract_ppm_hours_from_screenshot_total_row
    proc = _preprocess_for_ocr(img)
  File "D:\Development\Timesheet-Tracker\test.py", line 1262, in _preprocess_for_ocr
    img = ImageOps.autocontrast(img)
  File "C:\Users\sindhu.sundara\AppData\Roaming\Python\Python314\site-packages\PIL\ImageOps.py", line 163, in autocontrast
    return _lut(image, lut)
  File "C:\Users\sindhu.sundara\AppData\Roaming\Python\Python314\site-packages\PIL\ImageOps.py", line 63, in _lut
    raise OSError(msg)
OSError: not supported for mode RGBA
2026-03-06 10:59:40,260 INFO ===== UPLOAD RECEIVED: module=PPM upload_id=118 path=uploads\PPM_admin_20260306_105940_20260306105940.png =====
2026-03-06 10:59:40,296 ERROR PPM OCR extraction failed (non-fatal).
Traceback (most recent call last):
  File "D:\Development\Timesheet-Tracker\test.py", line 7591, in do_POST
    parsed = extract_ppm_hours_from_screenshot_total_row(save_path)
  File "D:\Development\Timesheet-Tracker\test.py", line 1330, in extract_ppm_hours_from_screenshot_total_row
    proc = _preprocess_for_ocr(img)
  File "D:\Development\Timesheet-Tracker\test.py", line 1262, in _preprocess_for_ocr
    img = ImageOps.autocontrast(img)
  File "C:\Users\sindhu.sundara\AppData\Roaming\Python\Python314\site-packages\PIL\ImageOps.py", line 163, in autocontrast
    return _lut(image, lut)
  File "C:\Users\sindhu.sundara\AppData\Roaming\Python\Python314\site-packages\PIL\ImageOps.py", line 63, in _lut
    raise OSError(msg)
OSError: not supported for mode RGBA
2026-03-06 11:27:57,213 INFO Server stopped by user
2026-03-06 11:28:12,427 INFO Starting server...
2026-03-06 11:28:12,428 INFO URL: http://127.0.0.1:8000
2026-03-06 11:28:52,342 INFO ===== UPLOAD RECEIVED: module=PPM upload_id=119 path=uploads\PPM_admin_20260306_112852_20260306112852.png =====
2026-03-06 11:28:54,253 INFO PPM OCR dual-pass row values: 11=[0.0, 9.0, 9.0, 0.0, 9.0, 9.0, 0.0, 45.0], 6=[0.0, 9.0, 9.0, 9.0, 9.0, 0.0, 0.0, 45.0] => {'week_start': '', '_found_days': 7, 'remaining_planned': 73.7, 'sun': 0.0, 'mon': 9.0, 'tue': 9.0, 'wed': 9.0, 'thu': 9.0, 'fri': 9.0, 'sat': 0.0}
2026-03-06 11:28:54,283 INFO PPM OCR autofill ok upload_id=119 week_start=2026-03-01
2026-03-06 11:29:14,795 INFO ===== UPLOAD RECEIVED: module=VERIFY upload_id=120 path=uploads\PPM_119_20260306112914.png =====
2026-03-06 11:30:29,594 INFO ===== UPLOAD RECEIVED: module=NTT upload_id=121 path=uploads\NTT_admin_20260306_113029_20260306113029.png =====
2026-03-06 11:30:29,595 INFO NTT OCR starting for upload_id=121 path=uploads\NTT_admin_20260306_113029_20260306113029.png
2026-03-06 11:30:31,135 INFO NTT OCR: entered_x = 1847.5, entered_y = 313.5
2026-03-06 11:30:31,136 INFO NTT OCR: day_header_ys = {'sun': 367.5, 'mon': 487.5, 'tue': 605.0, 'wed': 724.5, 'thu': 842.5, 'fri': 962.5, 'sat': 1080.0}
2026-03-06 11:30:31,146 INFO NTT OCR: Found 0.00 for sun at (1818.5, 425.5)
2026-03-06 11:30:31,147 INFO NTT OCR: Found 9.00 for mon at (1818.5, 543.0)
2026-03-06 11:30:31,148 INFO NTT OCR: Found 9.00 for tue at (1818.5, 662.5)
2026-03-06 11:30:31,149 INFO NTT OCR: Found 9.00 for wed at (1818.5, 780.5)
2026-03-06 11:30:31,149 INFO NTT OCR: Found 9.00 for thu at (1818.5, 900.5)
2026-03-06 11:30:31,150 INFO NTT OCR: Found 9.00 for fri at (1818.5, 1020.0)
2026-03-06 11:30:31,150 INFO NTT OCR: Found 0.00 for sat at (1817.5, 1141.0)
2026-03-06 11:30:31,150 INFO NTT OCR: Found 0.00 for sat at (1818.5, 1138.0)
2026-03-06 11:30:31,150 INFO NTT OCR result: {'sun': 0.0, 'mon': 9.0, 'tue': 9.0, 'wed': 9.0, 'thu': 9.0, 'fri': 9.0, 'sat': 0.0, '_found_days': 7, 'has_draft': True, 'week_start': '2026-03-01'}
2026-03-06 11:30:31,151 INFO NTT OCR parsed result: {'sun': 0.0, 'mon': 9.0, 'tue': 9.0, 'wed': 9.0, 'thu': 9.0, 'fri': 9.0, 'sat': 0.0, '_found_days': 7, 'has_draft': True, 'week_start': '2026-03-01'}
2026-03-06 11:30:31,152 INFO NTT OCR upsert: upload_id=121 ws=2026-03-01 mon=9.0 tue=9.0 wed=9.0 thu=9.0 fri=9.0 sat=0.0 sun=0.0
2026-03-06 11:30:31,197 INFO NTT OCR autofill ok upload_id=121 week_start=2026-03-01 found_days=7
2026-03-06 11:33:00,932 INFO ===== UPLOAD RECEIVED: module=NTT upload_id=122 path=uploads\NTT_admin_20260306_113300_20260306113300.png =====
2026-03-06 11:33:00,932 INFO NTT OCR starting for upload_id=122 path=uploads\NTT_admin_20260306_113300_20260306113300.png
2026-03-06 11:33:02,473 INFO NTT OCR parsed result: None
2026-03-06 11:33:02,485 WARNING NTT OCR returned None for upload_id=122
2026-03-06 11:33:39,990 INFO ===== UPLOAD RECEIVED: module=NTT upload_id=123 path=uploads\NTT_admin_20260306_113339_20260306113339.png =====
2026-03-06 11:33:39,991 INFO NTT OCR starting for upload_id=123 path=uploads\NTT_admin_20260306_113339_20260306113339.png
2026-03-06 11:33:41,687 INFO NTT OCR parsed result: None
2026-03-06 11:33:41,687 WARNING NTT OCR returned None for upload_id=123
2026-03-06 11:43:31,400 INFO Server stopped by user
2026-03-06 11:43:51,984 INFO Starting server...
2026-03-06 11:43:51,984 INFO URL: http://127.0.0.1:8000
2026-03-06 11:44:25,559 INFO ===== UPLOAD RECEIVED: module=NTT upload_id=124 path=uploads\NTT_admin_20260306_114425_20260306114425.png =====
2026-03-06 11:44:25,559 INFO NTT OCR starting for upload_id=124 path=uploads\NTT_admin_20260306_114425_20260306114425.png
2026-03-06 11:44:27,838 INFO NTT OCR: col_x={'recorded': 937.5, 'assignment': 1066.5, 'draft': 2092.0, 'status': 2246.0}, using entered_x=1912.0
2026-03-06 11:44:27,839 INFO NTT OCR: day_header_ys = {'sun': 339.5, 'mon': 459.5, 'tue': 577.0, 'wed': 698.5, 'thu': 814.5, 'sat': 1052.0, 'fri': 934.5}
2026-03-06 11:44:27,843 INFO NTT OCR result: {'sun': 0.0, 'mon': 9.0, 'tue': 9.0, 'wed': 9.0, 'thu': 9.0, 'fri': 9.0, 'sat': 0.0, '_found_days': 7, 'has_draft': False, 'week_start': '2026-03-01'}
2026-03-06 11:44:27,845 INFO NTT OCR parsed result: {'sun': 0.0, 'mon': 9.0, 'tue': 9.0, 'wed': 9.0, 'thu': 9.0, 'fri': 9.0, 'sat': 0.0, '_found_days': 7, 'has_draft': False, 'week_start': '2026-03-01'}
2026-03-06 11:44:27,845 INFO NTT OCR upsert: upload_id=124 ws=2026-03-01 mon=9.0 tue=9.0 wed=9.0 thu=9.0 fri=9.0 sat=0.0 sun=0.0
2026-03-06 11:44:27,875 INFO NTT OCR autofill ok upload_id=124 week_start=2026-03-01 found_days=7
2026-03-06 12:05:46,826 INFO Server stopped by user
2026-03-06 12:06:03,671 INFO Starting server...
2026-03-06 12:06:03,672 INFO URL: http://127.0.0.1:8000
2026-03-06 12:07:22,974 INFO ===== UPLOAD RECEIVED: module=PPM upload_id=125 path=uploads\PPM_admin_20260306_120722_20260306120722.png =====
2026-03-06 12:07:24,835 INFO PPM OCR dual-pass row values: 11=[0.0, 9.0, 9.0, 9.0, 9.0, 9.0, 0.0, 45.0], 6=[0.0, 9.0, 9.0, 9.0, 9.0, 9.0, 0.0, 45.0] => {'week_start': '2026-02-22', '_found_days': 7, 'remaining_planned': 0.2, 'sun': 0.0, 'mon': 9.0, 'tue': 9.0, 'wed': 9.0, 'thu': 9.0, 'fri': 9.0, 'sat': 0.0}
2026-03-06 12:07:24,862 INFO PPM OCR autofill ok upload_id=125 week_start=2026-02-22
2026-03-06 12:07:45,411 INFO ===== UPLOAD RECEIVED: module=VERIFY upload_id=126 path=uploads\PPM_125_20260306120745.png =====
2026-03-06 12:08:09,859 INFO ===== UPLOAD RECEIVED: module=PPM upload_id=127 path=uploads\PPM_admin_20260306_120809_20260306120809.png =====
2026-03-06 12:08:10,811 INFO PPM OCR dual-pass row values: 11=[0.0, 9.0, 9.0, 0.0, 9.0, 9.0, 0.0, 45.0], 6=[0.0, 9.0, 9.0, 9.0, 9.0, 0.0, 0.0, 45.0] => {'week_start': '', '_found_days': 7, 'remaining_planned': 73.7, 'sun': 0.0, 'mon': 9.0, 'tue': 9.0, 'wed': 9.0, 'thu': 9.0, 'fri': 9.0, 'sat': 0.0}
2026-03-06 12:08:10,833 INFO PPM OCR autofill ok upload_id=127 week_start=2026-03-01
2026-03-06 12:08:37,827 INFO ===== UPLOAD RECEIVED: module=VERIFY upload_id=128 path=uploads\PPM_127_20260306120837.png =====
2026-03-06 12:08:57,083 INFO ===== UPLOAD RECEIVED: module=PPM upload_id=129 path=uploads\PPM_admin_20260306_120857_20260306120857.png =====
2026-03-06 12:08:57,971 INFO PPM OCR dual-pass row values: 11=[0.0, 0.0, 0.0, 0.0, 0.0, 0.0, 0.0, 0.0], 6=[0.0, 0.0, 0.0, 0.0, 0.0, 0.0, 0.0, 0.0] => {'week_start': '', '_found_days': 7, 'remaining_planned': 75.5, 'sun': 0.0, 'mon': 0.0, 'tue': 0.0, 'wed': 0.0, 'thu': 0.0, 'fri': 0.0, 'sat': 0.0}
2026-03-06 12:08:57,991 INFO PPM OCR autofill ok upload_id=129 week_start=2026-03-01
2026-03-06 12:25:32,383 INFO ===== UPLOAD RECEIVED: module=PPM upload_id=130 path=uploads\PPM_Sindhu_20260306_122532_20260306122532.png =====
2026-03-06 12:25:34,233 INFO PPM OCR dual-pass row values: 11=[0.0, 9.0, 9.0, 9.0, 9.0, 9.0, 0.0, 45.0], 6=[0.0, 9.0, 9.0, 9.0, 0.0, 9.0, 0.0, 45.0] => {'week_start': '', '_found_days': 7, 'remaining_planned': 75.5, 'sun': 0.0, 'mon': 9.0, 'tue': 9.0, 'wed': 9.0, 'thu': 9.0, 'fri': 9.0, 'sat': 0.0}
2026-03-06 12:25:34,274 INFO PPM OCR autofill ok upload_id=130 week_start=2026-03-01
2026-03-06 12:26:06,362 INFO ===== UPLOAD RECEIVED: module=VERIFY upload_id=131 path=uploads\PPM_130_20260306122606.png =====
2026-03-06 12:26:31,284 INFO ===== UPLOAD RECEIVED: module=NTT upload_id=132 path=uploads\NTT_Sindhu_20260306_122631_20260306122631.png =====
2026-03-06 12:26:31,285 INFO NTT OCR starting for upload_id=132 path=uploads\NTT_Sindhu_20260306_122631_20260306122631.png
2026-03-06 12:26:32,866 INFO NTT OCR: col_x={'recorded': 937.5, 'assignment': 1067.0, 'entered': 1846.5, 'draft': 2091.0, 'status': 2246.0}, using entered_x=1846.5
2026-03-06 12:26:32,867 INFO NTT OCR: day_header_ys = {'sun': 379.5, 'mon': 499.5, 'tue': 617.0, 'wed': 736.5, 'fri': 974.5, 'sat': 1092.0, 'thu': 854.5}
2026-03-06 12:26:32,890 INFO NTT OCR result: {'sun': 0.0, 'mon': 9.0, 'tue': 9.0, 'wed': 9.0, 'thu': 9.0, 'fri': 9.0, 'sat': 0.0, '_found_days': 7, 'has_draft': False, 'week_start': '2026-03-01'}
2026-03-06 12:26:32,893 INFO NTT OCR parsed result: {'sun': 0.0, 'mon': 9.0, 'tue': 9.0, 'wed': 9.0, 'thu': 9.0, 'fri': 9.0, 'sat': 0.0, '_found_days': 7, 'has_draft': False, 'week_start': '2026-03-01'}
2026-03-06 12:26:32,894 INFO NTT OCR upsert: upload_id=132 ws=2026-03-01 mon=9.0 tue=9.0 wed=9.0 thu=9.0 fri=9.0 sat=0.0 sun=0.0
2026-03-06 12:26:32,935 INFO NTT OCR autofill ok upload_id=132 week_start=2026-03-01 found_days=7
2026-03-06 12:27:36,376 INFO ===== UPLOAD RECEIVED: module=PPM upload_id=133 path=uploads\PPM_Sindhu_20260306_122736_20260306122736.png =====
2026-03-06 12:27:37,367 INFO PPM OCR dual-pass row values: 11=[0.0, 9.0, 9.0, 9.0, 9.0, 9.0, 0.0, 45.0], 6=[0.0, 9.0, 9.0, 9.0, 9.0, 9.0, 0.0, 45.0] => {'week_start': '2026-02-22', '_found_days': 7, 'remaining_planned': 2.0, 'sun': 0.0, 'mon': 9.0, 'tue': 9.0, 'wed': 9.0, 'thu': 9.0, 'fri': 9.0, 'sat': 0.0}
2026-03-06 12:27:37,395 INFO PPM OCR autofill ok upload_id=133 week_start=2026-02-22
2026-03-06 12:27:49,367 INFO ===== UPLOAD RECEIVED: module=VERIFY upload_id=134 path=uploads\PPM_133_20260306122749.png =====
2026-03-06 12:28:22,971 INFO ===== UPLOAD RECEIVED: module=NTT upload_id=135 path=uploads\NTT_Sindhu_20260306_122822_20260306122822.png =====
2026-03-06 12:28:22,971 INFO NTT OCR starting for upload_id=135 path=uploads\NTT_Sindhu_20260306_122822_20260306122822.png
2026-03-06 12:28:24,473 INFO NTT OCR: col_x={'recorded': 937.5, 'assignment': 1067.0, 'entered': 1846.5, 'draft': 2092.0, 'status': 2246.0}, using entered_x=1846.5
2026-03-06 12:28:24,473 INFO NTT OCR: day_header_ys = {'mon': 383.5, 'tue': 499.0, 'wed': 621.0, 'fri': 858.5, 'sat': 976.5, 'thu': 738.5}
2026-03-06 12:28:24,475 INFO NTT OCR result: {'sun': 0.0, 'mon': 9.0, 'tue': 9.0, 'wed': 9.0, 'thu': 9.0, 'fri': 9.0, 'sat': 0.0, '_found_days': 6, 'has_draft': False, 'week_start': '2026-03-01'}
2026-03-06 12:28:24,476 INFO NTT OCR parsed result: {'sun': 0.0, 'mon': 9.0, 'tue': 9.0, 'wed': 9.0, 'thu': 9.0, 'fri': 9.0, 'sat': 0.0, '_found_days': 6, 'has_draft': False, 'week_start': '2026-03-01'}
2026-03-06 12:28:24,477 INFO NTT OCR upsert: upload_id=135 ws=2026-03-01 mon=9.0 tue=9.0 wed=9.0 thu=9.0 fri=9.0 sat=0.0 sun=0.0
2026-03-06 12:28:24,506 INFO NTT OCR autofill ok upload_id=135 week_start=2026-03-01 found_days=6
2026-03-06 13:53:43,672 INFO Server stopped by user
2026-03-06 13:54:05,495 INFO Starting server...
2026-03-06 13:54:05,495 INFO URL: http://127.0.0.1:8000
2026-03-06 14:18:09,603 INFO Server stopped by user
2026-03-06 14:18:22,575 INFO Starting server...
2026-03-06 14:18:22,576 INFO URL: http://127.0.0.1:8000
2026-03-06 14:34:41,988 INFO ===== UPLOAD RECEIVED: module=PPM upload_id=136 path=uploads\PPM_Sindhu_20260306_143441_20260306143441.png =====
2026-03-06 14:34:48,972 INFO PPM OCR dual-pass row values: 11=[0.0, 9.0, 9.0, 9.0, 9.0, 9.0, 0.0, 45.0], 6=[0.0, 9.0, 9.0, 9.0, 9.0, 9.0, 0.0, 45.0] => {'week_start': '2026-02-22', '_found_days': 7, 'remaining_planned': 0.2, 'sun': 0.0, 'mon': 9.0, 'tue': 9.0, 'wed': 9.0, 'thu': 9.0, 'fri': 9.0, 'sat': 0.0}
2026-03-06 14:34:48,993 INFO PPM OCR autofill ok upload_id=136 week_start=2026-02-22
2026-03-06 14:35:15,749 INFO ===== UPLOAD RECEIVED: module=PPM upload_id=137 path=uploads\PPM_Sindhu_20260306_143515_20260306143515.png =====
2026-03-06 14:35:16,640 INFO PPM OCR dual-pass row values: 11=[0.0, 9.0, 9.0, 9.0, 9.0, 9.0, 0.0, 45.0], 6=[0.0, 9.0, 9.0, 9.0, 9.0, 9.0, 0.0, 45.0] => {'week_start': '2026-02-22', '_found_days': 7, 'remaining_planned': 0.2, 'sun': 0.0, 'mon': 9.0, 'tue': 9.0, 'wed': 9.0, 'thu': 9.0, 'fri': 9.0, 'sat': 0.0}
2026-03-06 14:35:16,661 INFO PPM OCR autofill ok upload_id=137 week_start=2026-02-22
2026-03-06 14:35:35,776 INFO ===== UPLOAD RECEIVED: module=VERIFY upload_id=138 path=uploads\PPM_137_20260306143535.png =====
2026-03-06 14:37:27,049 INFO ===== UPLOAD RECEIVED: module=NTT upload_id=139 path=uploads\NTT_Sindhu_20260306_143727_20260306143727.png =====
2026-03-06 14:37:27,050 INFO NTT OCR starting for upload_id=139 path=uploads\NTT_Sindhu_20260306_143727_20260306143727.png
2026-03-06 14:37:28,802 INFO NTT OCR: col_x={'recorded': 937.5, 'assignment': 1067.0, 'entered': 1846.5, 'draft': 2092.0, 'status': 2246.0}, using entered_x=1846.5
2026-03-06 14:37:28,803 INFO NTT OCR: day_header_ys = {'mon': 421.5, 'tue': 539.0, 'wed': 659.0, 'fri': 894.0, 'sat': 1014.0, 'thu': 776.5}
2026-03-06 14:37:28,814 INFO NTT OCR result: {'sun': 0.0, 'mon': 9.0, 'tue': 9.0, 'wed': 9.0, 'thu': 9.0, 'fri': 9.0, 'sat': 0.0, '_found_days': 6, 'has_draft': False, 'week_start': '2026-02-15'}
2026-03-06 14:37:28,816 INFO NTT OCR parsed result: {'sun': 0.0, 'mon': 9.0, 'tue': 9.0, 'wed': 9.0, 'thu': 9.0, 'fri': 9.0, 'sat': 0.0, '_found_days': 6, 'has_draft': False, 'week_start': '2026-02-15'}
2026-03-06 14:37:28,817 INFO NTT OCR upsert: upload_id=139 ws=2026-02-15 mon=9.0 tue=9.0 wed=9.0 thu=9.0 fri=9.0 sat=0.0 sun=0.0
2026-03-06 14:37:28,844 INFO NTT OCR autofill ok upload_id=139 week_start=2026-02-15 found_days=6
2026-03-06 14:37:46,948 INFO ===== UPLOAD RECEIVED: module=NTT upload_id=140 path=uploads\NTT_Sindhu_20260306_143746_20260306143746.png =====
2026-03-06 14:37:46,948 INFO NTT OCR starting for upload_id=140 path=uploads\NTT_Sindhu_20260306_143746_20260306143746.png
2026-03-06 14:37:48,367 INFO NTT OCR: col_x={'recorded': 937.5, 'assignment': 1067.0, 'entered': 1846.5, 'draft': 2092.0, 'status': 2246.0}, using entered_x=1846.5
2026-03-06 14:37:48,368 INFO NTT OCR: day_header_ys = {'mon': 422.0, 'tue': 539.0, 'wed': 659.0, 'fri': 894.0, 'sat': 1014.0, 'thu': 776.5}
2026-03-06 14:37:48,371 INFO NTT OCR result: {'sun': 0.0, 'mon': 9.0, 'tue': 9.0, 'wed': 9.0, 'thu': 9.0, 'fri': 9.0, 'sat': 0.0, '_found_days': 6, 'has_draft': False, 'week_start': '2026-02-15'}
2026-03-06 14:37:48,373 INFO NTT OCR parsed result: {'sun': 0.0, 'mon': 9.0, 'tue': 9.0, 'wed': 9.0, 'thu': 9.0, 'fri': 9.0, 'sat': 0.0, '_found_days': 6, 'has_draft': False, 'week_start': '2026-02-15'}
2026-03-06 14:37:48,373 INFO NTT OCR upsert: upload_id=140 ws=2026-02-15 mon=9.0 tue=9.0 wed=9.0 thu=9.0 fri=9.0 sat=0.0 sun=0.0
2026-03-06 14:37:48,408 INFO NTT OCR autofill ok upload_id=140 week_start=2026-02-15 found_days=6
2026-03-06 14:39:32,074 INFO ===== UPLOAD RECEIVED: module=PPM upload_id=141 path=uploads\PPM_Arun_20260306_143932_20260306143932.png =====
2026-03-06 14:39:33,026 INFO PPM OCR dual-pass row values: 11=[0.0, 9.0, 9.0, 0.0, 9.0, 9.0, 0.0, 45.0], 6=[0.0, 9.0, 9.0, 9.0, 9.0, 0.0, 0.0, 45.0] => {'week_start': '', '_found_days': 7, 'remaining_planned': 73.7, 'sun': 0.0, 'mon': 9.0, 'tue': 9.0, 'wed': 9.0, 'thu': 9.0, 'fri': 9.0, 'sat': 0.0}
2026-03-06 14:39:33,059 INFO PPM OCR autofill ok upload_id=141 week_start=2026-03-01
2026-03-06 14:39:51,471 INFO ===== UPLOAD RECEIVED: module=VERIFY upload_id=142 path=uploads\PPM_141_20260306143951.png =====
2026-03-06 14:40:20,746 INFO ===== UPLOAD RECEIVED: module=NTT upload_id=143 path=uploads\NTT_Arun_20260306_144020_20260306144020.png =====
2026-03-06 14:40:20,746 INFO NTT OCR starting for upload_id=143 path=uploads\NTT_Arun_20260306_144020_20260306144020.png
2026-03-06 14:40:22,133 INFO NTT OCR: col_x={'recorded': 937.5, 'assignment': 1067.0, 'entered': 1846.5, 'draft': 2092.0, 'status': 2246.0}, using entered_x=1846.5
2026-03-06 14:40:22,134 INFO NTT OCR: day_header_ys = {'mon': 422.0, 'tue': 533.0, 'wed': 659.0, 'fri': 896.5, 'sat': 1014.0, 'thu': 776.5}
2026-03-06 14:40:22,138 INFO NTT OCR result: {'sun': 0.0, 'mon': 9.0, 'tue': 9.0, 'wed': 9.0, 'thu': 9.0, 'fri': 9.0, 'sat': 0.0, '_found_days': 6, 'has_draft': False, 'week_start': '2026-02-22'}
2026-03-06 14:40:22,140 INFO NTT OCR parsed result: {'sun': 0.0, 'mon': 9.0, 'tue': 9.0, 'wed': 9.0, 'thu': 9.0, 'fri': 9.0, 'sat': 0.0, '_found_days': 6, 'has_draft': False, 'week_start': '2026-02-22'}
2026-03-06 14:40:22,141 INFO NTT OCR upsert: upload_id=143 ws=2026-02-22 mon=9.0 tue=9.0 wed=9.0 thu=9.0 fri=9.0 sat=0.0 sun=0.0
2026-03-06 14:40:22,180 INFO NTT OCR autofill ok upload_id=143 week_start=2026-02-22 found_days=6
2026-03-06 14:40:51,375 INFO ===== UPLOAD RECEIVED: module=NTT upload_id=144 path=uploads\NTT_Arun_20260306_144051_20260306144051.png =====
2026-03-06 14:40:51,376 INFO NTT OCR starting for upload_id=144 path=uploads\NTT_Arun_20260306_144051_20260306144051.png
2026-03-06 14:40:52,756 INFO NTT OCR: col_x={'recorded': 937.5, 'assignment': 1067.0, 'entered': 1846.5, 'draft': 2092.0, 'status': 2246.0}, using entered_x=1846.5
2026-03-06 14:40:52,757 INFO NTT OCR: day_header_ys = {'mon': 421.5, 'tue': 539.0, 'wed': 659.0, 'fri': 896.5, 'sat': 1014.0, 'thu': 776.5}
2026-03-06 14:40:52,759 INFO NTT OCR result: {'sun': 0.0, 'mon': 9.0, 'tue': 9.0, 'wed': 9.0, 'thu': 9.0, 'fri': 9.0, 'sat': 0.0, '_found_days': 6, 'has_draft': False, 'week_start': '2026-03-01'}
2026-03-06 14:40:52,760 INFO NTT OCR parsed result: {'sun': 0.0, 'mon': 9.0, 'tue': 9.0, 'wed': 9.0, 'thu': 9.0, 'fri': 9.0, 'sat': 0.0, '_found_days': 6, 'has_draft': False, 'week_start': '2026-03-01'}
2026-03-06 14:40:52,761 INFO NTT OCR upsert: upload_id=144 ws=2026-03-01 mon=9.0 tue=9.0 wed=9.0 thu=9.0 fri=9.0 sat=0.0 sun=0.0
2026-03-06 14:40:52,794 INFO NTT OCR autofill ok upload_id=144 week_start=2026-03-01 found_days=6
2026-03-06 14:41:26,174 INFO ===== UPLOAD RECEIVED: module=NTT upload_id=145 path=uploads\NTT_Satheesh_20260306_144126_20260306144126.png =====
2026-03-06 14:41:26,175 INFO NTT OCR starting for upload_id=145 path=uploads\NTT_Satheesh_20260306_144126_20260306144126.png
2026-03-06 14:41:27,604 INFO NTT OCR: col_x={'recorded': 937.5, 'assignment': 1067.0, 'entered': 1846.5, 'draft': 2092.0, 'status': 2246.0}, using entered_x=1846.5
2026-03-06 14:41:27,605 INFO NTT OCR: day_header_ys = {'mon': 383.5, 'tue': 501.0, 'wed': 621.0, 'fri': 858.5, 'sat': 976.5, 'thu': 738.5}
2026-03-06 14:41:27,608 INFO NTT OCR result: {'sun': 0.0, 'mon': 9.0, 'tue': 9.0, 'wed': 9.0, 'thu': 9.0, 'fri': 9.0, 'sat': 0.0, '_found_days': 6, 'has_draft': False, 'week_start': '2026-03-01'}
2026-03-06 14:41:27,610 INFO NTT OCR parsed result: {'sun': 0.0, 'mon': 9.0, 'tue': 9.0, 'wed': 9.0, 'thu': 9.0, 'fri': 9.0, 'sat': 0.0, '_found_days': 6, 'has_draft': False, 'week_start': '2026-03-01'}
2026-03-06 14:41:27,610 INFO NTT OCR upsert: upload_id=145 ws=2026-03-01 mon=9.0 tue=9.0 wed=9.0 thu=9.0 fri=9.0 sat=0.0 sun=0.0
2026-03-06 14:41:27,638 INFO NTT OCR autofill ok upload_id=145 week_start=2026-03-01 found_days=6
2026-03-06 14:52:09,185 INFO Server stopped by user
2026-03-06 14:52:51,430 INFO Starting server...
2026-03-06 14:52:51,430 INFO URL: http://127.0.0.1:8000
2026-03-06 15:06:57,972 INFO Server stopped by user
2026-03-06 15:07:06,975 INFO Starting server...
2026-03-06 15:07:06,975 INFO URL: http://127.0.0.1:8000
2026-03-06 15:10:29,403 INFO Server stopped by user
2026-03-06 16:56:18,778 INFO Starting server...
2026-03-06 16:56:18,779 INFO URL: http://127.0.0.1:8000
2026-03-09 09:58:06,606 INFO Starting server...
2026-03-09 09:58:06,606 INFO URL: http://127.0.0.1:8000
2026-03-09 12:50:43,930 INFO Server stopped by user
2026-03-09 12:50:57,224 INFO Starting server...
2026-03-09 12:50:57,225 INFO URL: http://127.0.0.1:8000
2026-03-09 12:57:39,999 INFO Server stopped by user
2026-03-09 12:57:49,272 INFO Starting server...
2026-03-09 12:57:49,273 INFO URL: http://127.0.0.1:8000
2026-03-09 13:01:59,619 INFO ===== UPLOAD RECEIVED: module=PPM upload_id=146 path=uploads\PPM_admin_20260309_130159_20260309130159.png =====
2026-03-09 13:02:05,937 INFO PPM OCR dual-pass row values: 11=[0.0, 9.0, 9.0, 0.0, 9.0, 9.0, 0.0, 45.0], 6=[0.0, 9.0, 9.0, 9.0, 9.0, 0.0, 0.0, 45.0] => {'week_start': '', '_found_days': 7, 'remaining_planned': 73.7, 'sun': 0.0, 'mon': 9.0, 'tue': 9.0, 'wed': 9.0, 'thu': 9.0, 'fri': 9.0, 'sat': 0.0}
2026-03-09 13:02:05,978 INFO PPM OCR autofill ok upload_id=146 week_start=2026-03-08
2026-03-09 13:02:25,262 INFO ===== UPLOAD RECEIVED: module=VERIFY upload_id=147 path=uploads\PPM_146_20260309130225.png =====
2026-03-09 13:03:47,008 INFO ===== UPLOAD RECEIVED: module=PPM upload_id=148 path=uploads\PPM_admin_20260309_130346_20260309130346.png =====
2026-03-09 13:03:48,566 INFO PPM OCR dual-pass row values: 11=[0.0, 9.0, 9.0, 0.0, 9.0, 9.0, 0.0, 45.0], 6=[0.0, 9.0, 9.0, 9.0, 9.0, 0.0, 0.0, 45.0] => {'week_start': '', '_found_days': 7, 'remaining_planned': 73.7, 'sun': 0.0, 'mon': 9.0, 'tue': 9.0, 'wed': 9.0, 'thu': 9.0, 'fri': 9.0, 'sat': 0.0}
2026-03-09 13:03:48,604 INFO PPM OCR autofill ok upload_id=148 week_start=2026-03-08
2026-03-09 13:04:26,489 INFO ===== UPLOAD RECEIVED: module=PPM upload_id=149 path=uploads\PPM_admin_20260309_130426_20260309130426.png =====
2026-03-09 13:04:28,095 INFO PPM OCR dual-pass row values: 11=[0.0, 9.0, 9.0, 0.0, 9.0, 9.0, 0.0, 45.0], 6=[0.0, 9.0, 9.0, 9.0, 9.0, 0.0, 0.0, 45.0] => {'week_start': '', '_found_days': 7, 'remaining_planned': 73.7, 'sun': 0.0, 'mon': 9.0, 'tue': 9.0, 'wed': 9.0, 'thu': 9.0, 'fri': 9.0, 'sat': 0.0}
2026-03-09 13:04:28,143 INFO PPM OCR autofill ok upload_id=149 week_start=2026-03-08
2026-03-09 13:28:53,928 INFO Server stopped by user
2026-03-09 13:29:31,699 INFO Starting server...
2026-03-09 13:29:31,700 INFO URL: http://127.0.0.1:8000
2026-03-09 13:30:00,366 INFO ===== UPLOAD RECEIVED: module=PPM upload_id=150 path=uploads\PPM_admin_20260309_133000_20260309133000.png =====
2026-03-09 13:30:04,161 INFO PPM OCR dual-pass row values: 11=[0.0, 9.0, 9.0, 0.0, 9.0, 9.0, 0.0, 45.0], 6=[0.0, 9.0, 9.0, 9.0, 9.0, 0.0, 0.0, 45.0] => {'week_start': '2026-03-01', '_found_days': 7, 'remaining_planned': 73.7, 'sun': 0.0, 'mon': 9.0, 'tue': 9.0, 'wed': 9.0, 'thu': 9.0, 'fri': 9.0, 'sat': 0.0}
2026-03-09 13:30:04,202 INFO PPM OCR autofill ok upload_id=150 week_start=2026-03-01
2026-03-09 13:32:59,540 INFO ===== UPLOAD RECEIVED: module=PPM upload_id=151 path=uploads\PPM_admin_20260309_133259_20260309133259.png =====
2026-03-09 13:33:01,230 INFO PPM OCR dual-pass row values: 11=[0.0, 9.0, 9.0, 0.0, 9.0, 9.0, 0.0, 45.0], 6=[0.0, 9.0, 9.0, 9.0, 9.0, 0.0, 0.0, 45.0] => {'week_start': '2026-03-01', '_found_days': 7, 'remaining_planned': 73.7, 'sun': 0.0, 'mon': 9.0, 'tue': 9.0, 'wed': 9.0, 'thu': 9.0, 'fri': 9.0, 'sat': 0.0}
2026-03-09 13:33:01,276 INFO PPM OCR autofill ok upload_id=151 week_start=2026-03-01
2026-03-09 13:33:18,924 INFO ===== UPLOAD RECEIVED: module=VERIFY upload_id=152 path=uploads\PPM_151_20260309133318.png =====
2026-03-09 13:33:35,076 INFO ===== UPLOAD RECEIVED: module=PPM upload_id=153 path=uploads\PPM_admin_20260309_133335_20260309133335.png =====
2026-03-09 13:33:36,919 INFO PPM OCR dual-pass row values: 11=[0.0, 9.0, 9.0, 9.0, 9.0, 9.0, 0.0, 45.0], 6=[0.0, 9.0, 9.0, 9.0, 9.0, 9.0, 0.0, 45.0] => {'week_start': '2026-02-22', '_found_days': 7, 'remaining_planned': 0.2, 'sun': 0.0, 'mon': 9.0, 'tue': 9.0, 'wed': 9.0, 'thu': 9.0, 'fri': 9.0, 'sat': 0.0}
2026-03-09 13:33:37,008 INFO PPM OCR autofill ok upload_id=153 week_start=2026-02-22
2026-03-09 18:10:22,818 INFO Server stopped by user
2026-03-09 18:55:51,023 INFO Starting server...
2026-03-09 18:55:51,023 INFO URL: http://127.0.0.1:8000
2026-03-11 09:40:44,010 INFO Starting server...
2026-03-11 09:40:44,011 INFO URL: http://127.0.0.1:8000
2026-03-11 09:43:01,016 INFO ===== UPLOAD RECEIVED: module=PPM upload_id=154 path=uploads\PPM_admin_20260311_094300_20260311094300.png =====
2026-03-11 09:43:06,802 INFO PPM OCR dual-pass row values: 11=[0.0, 9.0, 9.0, 9.0, 9.0, 9.0, 0.0, 45.0], 6=[0.0, 9.0, 9.0, 9.0, 9.0, 9.0, 0.0, 45.0] => {'week_start': '2026-03-08', '_found_days': 7, 'remaining_planned': 28.5, 'sun': 0.0, 'mon': 9.0, 'tue': 9.0, 'wed': 9.0, 'thu': 9.0, 'fri': 9.0, 'sat': 0.0}
2026-03-11 09:43:06,841 INFO PPM OCR autofill ok upload_id=154 week_start=2026-03-08
2026-03-11 09:43:31,677 INFO ===== UPLOAD RECEIVED: module=VERIFY upload_id=155 path=uploads\PPM_154_20260311094331.png =====
2026-03-11 10:42:32,399 INFO Server stopped by user
2026-03-11 10:42:50,630 INFO Starting server...
2026-03-11 10:42:50,630 INFO URL: http://127.0.0.1:8000
2026-03-11 10:44:07,239 INFO ===== UPLOAD RECEIVED: module=NTT_REPORT upload_id=156 path=uploads\NTT_REPORT_admin_20260311_104407_20260311104407.png =====
2026-03-11 10:51:05,799 INFO Server stopped by user
2026-03-11 10:51:31,660 INFO Starting server...
2026-03-11 10:51:31,660 INFO URL: http://127.0.0.1:8000
2026-03-11 12:32:38,262 INFO Server stopped by user
2026-03-11 12:33:02,067 INFO Starting server...
2026-03-11 12:33:02,068 INFO URL: http://127.0.0.1:8000
2026-03-11 12:36:06,724 INFO ===== UPLOAD RECEIVED: module=NTT_REPORT upload_id=157 path=uploads\NTT_REPORT_admin_20260311_123606_20260311123606.png =====
2026-03-11 12:36:26,188 INFO ===== UPLOAD RECEIVED: module=NTT_REPORT upload_id=158 path=uploads\NTT_REPORT_admin_20260311_123626_20260311123626.png =====
2026-03-11 13:50:14,107 INFO Server stopped by user
2026-03-11 13:50:56,417 INFO Starting server...
2026-03-11 13:50:56,417 INFO URL: http://127.0.0.1:8000
2026-03-11 13:52:39,634 INFO ===== UPLOAD RECEIVED: module=NTT upload_id=159 path=uploads\NTT_admin_20260311_135239_20260311135239.png =====
2026-03-11 13:52:39,634 INFO NTT OCR starting for upload_id=159 path=uploads\NTT_admin_20260311_135239_20260311135239.png
2026-03-11 13:52:43,135 INFO NTT OCR: col_x={}, using entered_x=1024.5
2026-03-11 13:52:43,135 INFO NTT OCR: day_header_ys = {'sun': 263.5, 'mon': 383.5, 'tue': 501.5, 'wed': 620.5, 'thu': 738.5, 'sat': 976.5, 'fri': 858.5}
2026-03-11 13:52:43,139 INFO NTT OCR result: {'sun': 8.0, 'mon': 27.0, 'tue': 29.0, 'wed': 31.0, 'thu': 33.0, 'fri': 35.0, 'sat': 14.0, '_found_days': 7, 'has_draft': False, 'week_start': '2026-03-08'}
2026-03-11 13:52:43,140 INFO NTT OCR parsed result: {'sun': 8.0, 'mon': 27.0, 'tue': 29.0, 'wed': 31.0, 'thu': 33.0, 'fri': 35.0, 'sat': 14.0, '_found_days': 7, 'has_draft': False, 'week_start': '2026-03-08'}
2026-03-11 13:52:43,140 INFO NTT OCR upsert: upload_id=159 ws=2026-03-08 mon=27.0 tue=29.0 wed=31.0 thu=33.0 fri=35.0 sat=14.0 sun=8.0
2026-03-11 13:52:43,169 INFO NTT OCR autofill ok upload_id=159 week_start=2026-03-08 found_days=7
2026-03-11 14:01:43,014 INFO Server stopped by user
2026-03-11 14:01:58,416 INFO Starting server...
2026-03-11 14:01:58,417 INFO URL: http://127.0.0.1:8000
2026-03-11 14:03:04,689 INFO ===== UPLOAD RECEIVED: module=NTT upload_id=160 path=uploads\NTT_admin_20260311_140304_20260311140304.png =====
2026-03-11 14:03:04,690 INFO NTT OCR starting for upload_id=160 path=uploads\NTT_admin_20260311_140304_20260311140304.png
2026-03-11 14:03:09,644 INFO NTT OCR: col_x={'recorded': 937.5, 'assignment': 1066.5, 'draft': 2092.0, 'status': 2246.0}, using entered_x=1912.0
2026-03-11 14:03:09,645 INFO NTT OCR: day_header_ys = {'sun': 333.5, 'mon': 453.5, 'tue': 571.5, 'wed': 691.5, 'thu': 808.5, 'sat': 1046.0, 'fri': 928.5}
2026-03-11 14:03:09,653 INFO NTT OCR result: {'sun': 0.0, 'mon': 9.0, 'tue': 0.0, 'wed': 0.0, 'thu': 0.0, 'fri': 0.0, 'sat': 0.0, '_found_days': 7, 'has_draft': False, 'week_start': '2026-03-08'}
2026-03-11 14:03:09,657 INFO NTT OCR parsed result: {'sun': 0.0, 'mon': 9.0, 'tue': 0.0, 'wed': 0.0, 'thu': 0.0, 'fri': 0.0, 'sat': 0.0, '_found_days': 7, 'has_draft': False, 'week_start': '2026-03-08'}
2026-03-11 14:03:09,658 INFO NTT OCR upsert: upload_id=160 ws=2026-03-08 mon=9.0 tue=0.0 wed=0.0 thu=0.0 fri=0.0 sat=0.0 sun=0.0
2026-03-11 14:03:09,715 INFO NTT OCR autofill ok upload_id=160 week_start=2026-03-08 found_days=7
2026-03-11 14:04:50,788 INFO ===== UPLOAD RECEIVED: module=NTT upload_id=161 path=uploads\NTT_admin_20260311_140450_20260311140450.png =====
2026-03-11 14:04:50,789 INFO NTT OCR starting for upload_id=161 path=uploads\NTT_admin_20260311_140450_20260311140450.png
2026-03-11 14:04:53,604 INFO NTT OCR: col_x={'recorded': 937.5, 'assignment': 1066.5, 'draft': 2092.0, 'status': 2246.0}, using entered_x=1912.0
2026-03-11 14:04:53,606 INFO NTT OCR: day_header_ys = {'sun': 333.5, 'mon': 453.5, 'tue': 571.0, 'wed': 690.5, 'thu': 808.5, 'sat': 1046.0, 'fri': 928.5}
2026-03-11 14:04:53,612 INFO NTT OCR result: {'sun': 0.0, 'mon': 9.0, 'tue': 9.0, 'wed': 9.0, 'thu': 9.0, 'fri': 9.0, 'sat': 0.0, '_found_days': 7, 'has_draft': False, 'week_start': '2026-03-01'}
2026-03-11 14:04:53,615 INFO NTT OCR parsed result: {'sun': 0.0, 'mon': 9.0, 'tue': 9.0, 'wed': 9.0, 'thu': 9.0, 'fri': 9.0, 'sat': 0.0, '_found_days': 7, 'has_draft': False, 'week_start': '2026-03-01'}
2026-03-11 14:04:53,616 INFO NTT OCR upsert: upload_id=161 ws=2026-03-01 mon=9.0 tue=9.0 wed=9.0 thu=9.0 fri=9.0 sat=0.0 sun=0.0
2026-03-11 14:04:53,669 INFO NTT OCR autofill ok upload_id=161 week_start=2026-03-01 found_days=7
2026-03-11 14:05:14,275 INFO ===== UPLOAD RECEIVED: module=NTT upload_id=162 path=uploads\NTT_admin_20260311_140514_20260311140514.png =====
2026-03-11 14:05:14,276 INFO NTT OCR starting for upload_id=162 path=uploads\NTT_admin_20260311_140514_20260311140514.png
2026-03-11 14:05:16,831 INFO NTT OCR: col_x={'recorded': 937.5, 'assignment': 1066.5, 'draft': 2092.0, 'status': 2246.0}, using entered_x=1912.0
2026-03-11 14:05:16,833 INFO NTT OCR: day_header_ys = {'sun': 333.5, 'mon': 453.5, 'tue': 571.5, 'wed': 691.5, 'thu': 808.5, 'sat': 1046.0, 'fri': 928.5}
2026-03-11 14:05:16,837 INFO NTT OCR result: {'sun': 0.0, 'mon': 9.0, 'tue': 0.0, 'wed': 0.0, 'thu': 0.0, 'fri': 0.0, 'sat': 0.0, '_found_days': 7, 'has_draft': False, 'week_start': '2026-03-08'}
2026-03-11 14:05:16,840 INFO NTT OCR parsed result: {'sun': 0.0, 'mon': 9.0, 'tue': 0.0, 'wed': 0.0, 'thu': 0.0, 'fri': 0.0, 'sat': 0.0, '_found_days': 7, 'has_draft': False, 'week_start': '2026-03-08'}
2026-03-11 14:05:16,841 INFO NTT OCR upsert: upload_id=162 ws=2026-03-08 mon=9.0 tue=0.0 wed=0.0 thu=0.0 fri=0.0 sat=0.0 sun=0.0
2026-03-11 14:05:16,897 INFO NTT OCR autofill ok upload_id=162 week_start=2026-03-08 found_days=7
2026-03-11 14:08:59,209 INFO Server stopped by user
2026-03-11 14:09:23,535 INFO Starting server...
2026-03-11 14:09:23,536 INFO URL: http://127.0.0.1:8000
2026-03-11 14:31:12,196 INFO ===== UPLOAD RECEIVED: module=NTT upload_id=163 path=uploads\NTT_admin_20260311_143112_20260311143112.png =====
2026-03-11 14:31:12,218 INFO NTT OCR starting for upload_id=163 path=uploads\NTT_admin_20260311_143112_20260311143112.png
2026-03-11 14:31:17,040 INFO NTT OCR: col_x={'recorded': 937.5, 'assignment': 1066.5, 'draft': 2092.0, 'status': 2246.0}, using entered_x=1912.0
2026-03-11 14:31:17,043 INFO NTT OCR: day_header_ys = {'sun': 333.5, 'mon': 453.5, 'tue': 571.5, 'wed': 691.5, 'thu': 808.5, 'sat': 1046.0, 'fri': 928.5}
2026-03-11 14:31:17,078 INFO NTT OCR result: {'sun': 0.0, 'mon': 9.0, 'tue': 0.0, 'wed': 0.0, 'thu': 0.0, 'fri': 0.0, 'sat': 0.0, '_found_days': 7, 'has_draft': False, 'week_start': '2026-03-08'}
2026-03-11 14:31:17,085 INFO NTT OCR parsed result: {'sun': 0.0, 'mon': 9.0, 'tue': 0.0, 'wed': 0.0, 'thu': 0.0, 'fri': 0.0, 'sat': 0.0, '_found_days': 7, 'has_draft': False, 'week_start': '2026-03-08'}
2026-03-11 14:31:17,088 INFO NTT OCR upsert: upload_id=163 ws=2026-03-08 mon=9.0 tue=0.0 wed=0.0 thu=0.0 fri=0.0 sat=0.0 sun=0.0
2026-03-11 14:31:17,171 INFO NTT OCR autofill ok upload_id=163 week_start=2026-03-08 found_days=7
2026-03-11 14:36:15,573 INFO Server stopped by user
2026-03-11 14:36:30,123 INFO Starting server...
2026-03-11 14:36:30,124 INFO URL: http://127.0.0.1:8000
2026-03-11 14:36:58,016 INFO ===== UPLOAD RECEIVED: module=NTT upload_id=164 path=uploads\NTT_admin_20260311_143657_20260311143657.png =====
2026-03-11 14:36:58,017 INFO NTT OCR starting for upload_id=164 path=uploads\NTT_admin_20260311_143657_20260311143657.png
2026-03-11 14:37:02,332 INFO NTT OCR: col_x={'recorded': 937.5, 'assignment': 1066.5, 'draft': 2092.0, 'status': 2246.0}, using entered_x=1912.0
2026-03-11 14:37:02,334 INFO NTT OCR: day_header_ys = {'sun': 333.5, 'mon': 453.5, 'tue': 571.5, 'wed': 691.5, 'thu': 808.5, 'sat': 1046.0, 'fri': 928.5}
2026-03-11 14:37:02,341 INFO NTT OCR result: {'sun': 0.0, 'mon': 9.0, 'tue': 0.0, 'wed': 0.0, 'thu': 0.0, 'fri': 0.0, 'sat': 0.0, '_found_days': 7, 'has_draft': False, 'week_start': '2026-03-08'}
2026-03-11 14:37:02,344 INFO NTT OCR parsed result: {'sun': 0.0, 'mon': 9.0, 'tue': 0.0, 'wed': 0.0, 'thu': 0.0, 'fri': 0.0, 'sat': 0.0, '_found_days': 7, 'has_draft': False, 'week_start': '2026-03-08'}
2026-03-11 14:37:02,345 INFO NTT OCR upsert: upload_id=164 ws=2026-03-08 mon=9.0 tue=0.0 wed=0.0 thu=0.0 fri=0.0 sat=0.0 sun=0.0
2026-03-11 14:37:02,401 INFO NTT OCR autofill ok upload_id=164 week_start=2026-03-08 found_days=7
2026-03-11 14:42:08,596 INFO Server stopped by user
2026-03-11 14:42:32,161 INFO Starting server...
2026-03-11 14:42:32,162 INFO URL: http://127.0.0.1:8000
2026-03-11 14:43:08,298 INFO ===== UPLOAD RECEIVED: module=NTT upload_id=165 path=uploads\NTT_admin_20260311_144308_20260311144308.png =====
2026-03-11 14:43:08,299 INFO NTT OCR starting for upload_id=165 path=uploads\NTT_admin_20260311_144308_20260311144308.png
2026-03-11 14:43:13,199 INFO NTT OCR: col_x={'recorded': 937.5, 'assignment': 1066.5, 'draft': 2092.0, 'status': 2246.0}, using entered_x=1912.0
2026-03-11 14:43:13,201 INFO NTT OCR: day_header_ys = {'sun': 333.5, 'mon': 453.5, 'tue': 571.5, 'wed': 691.5, 'thu': 808.5, 'sat': 1046.0, 'fri': 928.5}
2026-03-11 14:43:13,209 INFO NTT OCR result: {'sun': 0.0, 'mon': 0.0, 'tue': 0.0, 'wed': 0.0, 'thu': 0.0, 'fri': 0.0, 'sat': 0.0, '_found_days': 6, 'has_draft': False, 'week_start': '2026-03-08'}
2026-03-11 14:43:13,214 INFO NTT OCR parsed result: {'sun': 0.0, 'mon': 0.0, 'tue': 0.0, 'wed': 0.0, 'thu': 0.0, 'fri': 0.0, 'sat': 0.0, '_found_days': 6, 'has_draft': False, 'week_start': '2026-03-08'}
2026-03-11 14:43:13,215 INFO NTT OCR upsert: upload_id=165 ws=2026-03-08 mon=0.0 tue=0.0 wed=0.0 thu=0.0 fri=0.0 sat=0.0 sun=0.0
2026-03-11 14:43:13,273 INFO NTT OCR autofill ok upload_id=165 week_start=2026-03-08 found_days=6
2026-03-11 14:43:58,208 INFO ===== UPLOAD RECEIVED: module=NTT upload_id=166 path=uploads\NTT_admin_20260311_144358_20260311144358.png =====
2026-03-11 14:43:58,211 INFO NTT OCR starting for upload_id=166 path=uploads\NTT_admin_20260311_144358_20260311144358.png
2026-03-11 14:44:00,804 INFO NTT OCR: col_x={'recorded': 937.5, 'assignment': 1066.5, 'entered': 1973.5, 'status': 2246.0}, using entered_x=1973.5
2026-03-11 14:44:00,806 INFO NTT OCR: day_header_ys = {'mon': 433.5, 'tue': 538.0, 'wed': 647.0, 'thu': 748.5, 'fri': 844.5, 'sun': 333.5, 'sat': 958.5}
2026-03-11 14:44:00,814 INFO NTT OCR result: {'sun': 0.0, 'mon': 9.0, 'tue': 9.0, 'wed': 0.0, 'thu': 9.0, 'fri': 9.0, 'sat': 0.0, '_found_days': 6, 'has_draft': False, 'week_start': '2026-01-11'}
2026-03-11 14:44:00,818 INFO NTT OCR parsed result: {'sun': 0.0, 'mon': 9.0, 'tue': 9.0, 'wed': 0.0, 'thu': 9.0, 'fri': 9.0, 'sat': 0.0, '_found_days': 6, 'has_draft': False, 'week_start': '2026-01-11'}
2026-03-11 14:44:00,818 INFO NTT OCR upsert: upload_id=166 ws=2026-01-11 mon=9.0 tue=9.0 wed=0.0 thu=9.0 fri=9.0 sat=0.0 sun=0.0
2026-03-11 14:44:00,868 INFO NTT OCR autofill ok upload_id=166 week_start=2026-01-11 found_days=6
2026-03-11 14:47:00,779 INFO ===== UPLOAD RECEIVED: module=NTT_REPORT upload_id=167 path=uploads\NTT_REPORT_admin_20260311_144700_20260311144700.png =====
2026-03-11 14:48:41,417 INFO ===== UPLOAD RECEIVED: module=NTT_REPORT upload_id=168 path=uploads\NTT_REPORT_admin_20260311_144841_20260311144841.png =====
2026-03-11 15:02:36,796 INFO Server stopped by user
2026-03-11 18:36:28,815 INFO Starting server...
2026-03-11 18:36:28,815 INFO URL: http://127.0.0.1:8000
2026-03-11 18:57:52,944 INFO Server stopped by user
2026-03-11 18:58:10,440 INFO Starting server...
2026-03-11 18:58:10,441 INFO URL: http://127.0.0.1:8000
2026-03-11 18:58:24,412 ERROR Unhandled exception in do_GET
Traceback (most recent call last):
  File "D:\Development\python_project\Timesheet-Tracker\test.py", line 7126, in do_GET
    r_capture_ui = build_ntt_report_capture_ui("NTT_REPORT")
  File "D:\Development\python_project\Timesheet-Tracker\test.py", line 4801, in build_ntt_report_capture_ui
    video: { cursor: "always" },
    ^^^^^
NameError: name 'video' is not defined. Did you mean: 'Side'?
2026-03-11 19:01:09,387 INFO Server stopped by user
2026-03-11 19:01:20,376 INFO Starting server...
2026-03-11 19:01:20,377 INFO URL: http://127.0.0.1:8000
2026-03-11 19:06:32,791 INFO Server stopped by user
2026-03-11 19:06:48,999 INFO Starting server...
2026-03-11 19:06:48,999 INFO URL: http://127.0.0.1:8000
2026-03-11 19:07:39,653 INFO ===== UPLOAD RECEIVED: module=NTT_REPORT upload_id=169 path=uploads\NTT_REPORT_admin_20260311_190739_20260311190739.png =====
2026-03-11 19:11:13,362 INFO Server stopped by user
2026-03-11 19:11:27,915 INFO Starting server...
2026-03-11 19:11:27,916 INFO URL: http://127.0.0.1:8000
2026-03-11 19:14:21,906 INFO ===== UPLOAD RECEIVED: module=NTT_REPORT upload_id=170 path=uploads\NTT_REPORT_admin_20260311_191421_20260311191421.png =====
2026-03-11 19:24:57,893 INFO ===== UPLOAD RECEIVED: module=NTT_REPORT upload_id=171 path=uploads\NTT_REPORT_admin_20260311_192457_20260311192457.png =====
2026-03-11 19:26:54,968 INFO Starting server...
2026-03-11 19:26:54,969 INFO URL: http://127.0.0.1:8000
2026-03-11 19:40:01,761 INFO Server stopped by user
2026-03-11 19:40:24,740 INFO Starting server...
2026-03-11 19:40:24,740 INFO URL: http://127.0.0.1:8000
2026-03-11 19:41:01,064 ERROR Unhandled exception in do_POST
Traceback (most recent call last):
  File "D:\Development\python_project\Timesheet-Tracker\test.py", line 7494, in do_POST
    m = re.search(r'boundary=(?P<b>[^;]+)', ctype)
        ^^
UnboundLocalError: cannot access local variable 're' where it is not associated with a value
2026-03-11 19:43:29,245 ERROR Unhandled exception in do_POST
Traceback (most recent call last):
  File "D:\Development\python_project\Timesheet-Tracker\test.py", line 7494, in do_POST
    m = re.search(r'boundary=(?P<b>[^;]+)', ctype)
        ^^
UnboundLocalError: cannot access local variable 're' where it is not associated with a value
2026-03-11 19:43:37,864 INFO Server stopped by user
2026-03-11 19:43:41,114 ERROR Unhandled exception in do_POST
Traceback (most recent call last):
  File "D:\Development\python_project\Timesheet-Tracker\test.py", line 7494, in do_POST
    m = re.search(r'boundary=(?P<b>[^;]+)', ctype)
        ^^
UnboundLocalError: cannot access local variable 're' where it is not associated with a value
2026-03-11 19:43:43,891 ERROR Unhandled exception in do_POST
Traceback (most recent call last):
  File "D:\Development\python_project\Timesheet-Tracker\test.py", line 7494, in do_POST
    m = re.search(r'boundary=(?P<b>[^;]+)', ctype)
        ^^
UnboundLocalError: cannot access local variable 're' where it is not associated with a value
2026-03-11 19:43:50,618 INFO Starting server...
2026-03-11 19:43:50,618 INFO URL: http://127.0.0.1:8000
2026-03-11 19:44:31,979 ERROR Unhandled exception in do_POST
Traceback (most recent call last):
  File "D:\Development\python_project\Timesheet-Tracker\test.py", line 7494, in do_POST
    m = re.search(r'boundary=(?P<b>[^;]+)', ctype)
        ^^
UnboundLocalError: cannot access local variable 're' where it is not associated with a value
2026-03-11 19:44:47,255 ERROR Unhandled exception in do_POST
Traceback (most recent call last):
  File "D:\Development\python_project\Timesheet-Tracker\test.py", line 7494, in do_POST
    m = re.search(r'boundary=(?P<b>[^;]+)', ctype)
        ^^
UnboundLocalError: cannot access local variable 're' where it is not associated with a value
2026-03-11 19:49:52,328 INFO Starting server...
2026-03-11 19:49:52,328 INFO URL: http://127.0.0.1:8000
2026-03-11 19:50:30,824 ERROR Unhandled exception in do_POST
Traceback (most recent call last):
  File "D:\Development\python_project\Timesheet-Tracker\test.py", line 7494, in do_POST
    m = re.search(r'boundary=(?P<b>[^;]+)', ctype)
        ^^
UnboundLocalError: cannot access local variable 're' where it is not associated with a value
2026-03-11 19:50:43,383 ERROR Unhandled exception in do_POST
Traceback (most recent call last):
  File "D:\Development\python_project\Timesheet-Tracker\test.py", line 7494, in do_POST
    m = re.search(r'boundary=(?P<b>[^;]+)', ctype)
        ^^
UnboundLocalError: cannot access local variable 're' where it is not associated with a value
2026-03-11 19:50:47,654 ERROR Unhandled exception in do_POST
Traceback (most recent call last):
  File "D:\Development\python_project\Timesheet-Tracker\test.py", line 7494, in do_POST
    m = re.search(r'boundary=(?P<b>[^;]+)', ctype)
        ^^
UnboundLocalError: cannot access local variable 're' where it is not associated with a value
2026-03-11 19:50:51,954 INFO Server stopped by user
2026-03-11 19:50:58,695 ERROR Unhandled exception in do_POST
Traceback (most recent call last):
  File "D:\Development\python_project\Timesheet-Tracker\test.py", line 7494, in do_POST
    m = re.search(r'boundary=(?P<b>[^;]+)', ctype)
        ^^
UnboundLocalError: cannot access local variable 're' where it is not associated with a value
2026-03-11 19:51:11,085 INFO Starting server...
2026-03-11 19:51:11,086 INFO URL: http://127.0.0.1:8000
2026-03-11 19:51:45,251 ERROR Unhandled exception in do_POST
Traceback (most recent call last):
  File "D:\Development\python_project\Timesheet-Tracker\test.py", line 7494, in do_POST
    m = re.search(r'boundary=(?P<b>[^;]+)', ctype)
        ^^
UnboundLocalError: cannot access local variable 're' where it is not associated with a value
2026-03-11 19:52:05,378 INFO Server stopped by user
2026-03-11 19:52:12,150 INFO Starting server...
2026-03-11 19:52:12,151 INFO URL: http://127.0.0.1:8000
2026-03-11 19:52:36,681 ERROR Unhandled exception in do_POST
Traceback (most recent call last):
  File "D:\Development\python_project\Timesheet-Tracker\test.py", line 7494, in do_POST
    m = re.search(r'boundary=(?P<b>[^;]+)', ctype)
        ^^
UnboundLocalError: cannot access local variable 're' where it is not associated with a value
2026-03-11 19:55:06,648 INFO Server stopped by user
2026-03-11 19:55:14,123 INFO Starting server...
2026-03-11 19:55:14,124 INFO URL: http://127.0.0.1:8000
2026-03-11 19:55:49,248 ERROR Unhandled exception in do_POST
Traceback (most recent call last):
  File "D:\Development\python_project\Timesheet-Tracker\test.py", line 7494, in do_POST
    m = re.search(r'boundary=(?P<b>[^;]+)', ctype)
        ^^
UnboundLocalError: cannot access local variable 're' where it is not associated with a value
2026-03-11 20:02:17,423 INFO Starting server...
2026-03-11 20:02:17,424 INFO URL: http://127.0.0.1:8000
2026-03-11 20:04:19,315 INFO Server stopped by user
2026-03-11 20:04:43,941 INFO Starting server...
2026-03-11 20:04:43,941 INFO URL: http://127.0.0.1:8000
2026-03-11 20:06:51,303 ERROR Unhandled exception in do_POST
Traceback (most recent call last):
  File "D:\Development\python_project\Timesheet-Tracker\test.py", line 7494, in do_POST
    if not m:
        ^^
UnboundLocalError: cannot access local variable 're' where it is not associated with a value
2026-03-11 20:06:51,505 ERROR Unhandled exception in do_POST
Traceback (most recent call last):
  File "D:\Development\python_project\Timesheet-Tracker\test.py", line 7494, in do_POST
    if not m:
        ^^
UnboundLocalError: cannot access local variable 're' where it is not associated with a value
2026-03-11 20:07:27,952 ERROR Unhandled exception in do_POST
Traceback (most recent call last):
  File "D:\Development\python_project\Timesheet-Tracker\test.py", line 7494, in do_POST
    if not m:
        ^^
UnboundLocalError: cannot access local variable 're' where it is not associated with a value
2026-03-11 20:36:59,497 INFO Starting server...
2026-03-11 20:36:59,497 INFO URL: http://127.0.0.1:8000
2026-03-11 20:55:03,087 INFO ===== UPLOAD RECEIVED: module=NTT_REPORT upload_id=172 path=uploads\NTT_REPORT_admin_20260311_205502_20260311205502.pdf =====
2026-03-11 20:55:25,683 ERROR Failed to remove uploaded file from disk: uploads\NTT_REPORT_admin_20260311_205502_20260311205502.pdf
Traceback (most recent call last):
  File "D:\Development\python_project\Timesheet-Tracker\test.py", line 2132, in delete_upload
    os.remove(path)
    ~~~~~~~~~^^^^^^
PermissionError: [WinError 32] The process cannot access the file because it is being used by another process: 'uploads\\NTT_REPORT_admin_20260311_205502_20260311205502.pdf'
2026-03-11 20:55:42,096 INFO ===== UPLOAD RECEIVED: module=NTT_REPORT upload_id=173 path=uploads\NTT_REPORT_admin_20260311_205542_20260311205542.pdf =====
2026-03-11 21:04:20,726 INFO Starting server...
2026-03-11 21:04:20,726 INFO URL: http://127.0.0.1:8000
2026-03-11 21:05:21,719 INFO Starting server...
2026-03-11 21:05:21,721 INFO URL: http://127.0.0.1:8000
2026-03-11 21:07:09,543 INFO ===== UPLOAD RECEIVED: module=NTT_REPORT upload_id=174 path=uploads\NTT_REPORT_admin_20260311_210709_20260311210709.pdf =====
2026-03-11 21:15:50,350 INFO Starting server...
2026-03-11 21:15:50,350 INFO URL: http://127.0.0.1:8000
2026-03-11 21:17:28,650 INFO Starting server...
2026-03-11 21:17:28,651 INFO URL: http://127.0.0.1:8000
2026-03-11 21:20:34,672 INFO ===== UPLOAD RECEIVED: module=NTT_REPORT upload_id=175 path=uploads\NTT_REPORT_admin_20260311_212034_20260311212034.pdf =====
2026-03-11 21:20:35,906 INFO PDF text empty, trying OCR on first page
2026-03-11 21:20:43,033 INFO NTT_REPORT extraction result: 0.0
2026-03-11 21:21:57,530 ERROR Failed to remove uploaded file from disk: uploads\NTT_REPORT_admin_20260311_212034_20260311212034.pdf
Traceback (most recent call last):
  File "D:\Development\python_project\Timesheet-Tracker\test.py", line 2132, in delete_upload
    os.remove(path)
    ~~~~~~~~~^^^^^^
PermissionError: [WinError 32] The process cannot access the file because it is being used by another process: 'uploads\\NTT_REPORT_admin_20260311_212034_20260311212034.pdf'
2026-03-11 21:22:04,578 INFO ===== UPLOAD RECEIVED: module=NTT_REPORT upload_id=176 path=uploads\NTT_REPORT_admin_20260311_212204_20260311212204.pdf =====
2026-03-11 21:22:04,813 INFO PDF text empty, trying OCR on first page
2026-03-11 21:22:07,347 INFO NTT_REPORT extraction result: 0.0
2026-03-11 21:26:35,554 INFO Starting server...
2026-03-11 21:26:35,554 INFO URL: http://127.0.0.1:8000
2026-03-11 21:27:55,969 INFO Starting server...
2026-03-11 21:27:55,969 INFO URL: http://127.0.0.1:8000
2026-03-11 21:31:44,556 INFO Server stopped by user
2026-03-11 21:31:49,209 INFO Starting server...
2026-03-11 21:31:49,210 INFO URL: http://127.0.0.1:8000
2026-03-11 21:32:19,561 INFO ===== UPLOAD RECEIVED: module=NTT_REPORT upload_id=177 path=uploads\NTT_REPORT_admin_20260311_213219_20260311213219.pdf =====
2026-03-11 21:32:20,194 INFO PDF text empty, trying OCR with preprocessing
2026-03-11 21:32:22,673 INFO NTT_REPORT extracted text length: 1225
2026-03-11 21:32:22,683 INFO NTT_REPORT final extracted_total: 0.0
2026-03-11 21:44:18,356 INFO Starting server...
2026-03-11 21:44:18,356 INFO URL: http://127.0.0.1:8000
2026-03-11 22:52:34,378 INFO Starting server...
2026-03-11 22:52:34,378 INFO URL: http://127.0.0.1:8000
2026-03-11 22:54:57,010 INFO ===== UPLOAD RECEIVED: module=NTT_REPORT upload_id=178 path=uploads\NTT_REPORT_admin_20260311_225456_20260311225456.pdf =====
2026-03-11 22:54:58,585 INFO PDF text empty, trying OCR with preprocessing
2026-03-11 22:55:04,039 INFO NTT_REPORT extracted text length: 1225
2026-03-11 22:55:04,056 INFO NTT_REPORT snippet: Timesheet:02/01/2026-02/28/2026  Company Code : 1001 Purchase Document No: 4600056876  Company Name: = NTT DATA Americas, Inc. Position No tosqean for Pers. ©) NTT DaTa Name of Employee : Sindhu Sundaramoorthy  Employee ID - 10402564 Cost Centre QAT HP PROV LS  Print Date > 11-Mar-26  Client Name : Thermo Fisher Scientific Inc Contract Description :DL1CIND-SOW 25-0653-Siddharth-Sindhu  WBS Text  B
2026-03-11 22:55:04,058 INFO NTT_REPORT final extracted_total: 0.0
2026-03-11 22:55:53,862 ERROR Failed to remove uploaded file from disk: uploads\NTT_REPORT_admin_20260311_225456_20260311225456.pdf
Traceback (most recent call last):
  File "D:\Development\python_project\Timesheet-Tracker\test.py", line 2132, in delete_upload
    os.remove(path)
    ~~~~~~~~~^^^^^^
PermissionError: [WinError 32] The process cannot access the file because it is being used by another process: 'uploads\\NTT_REPORT_admin_20260311_225456_20260311225456.pdf'
2026-03-11 23:03:58,575 INFO ===== UPLOAD RECEIVED: module=NTT_REPORT upload_id=179 path=uploads\NTT_REPORT_admin_20260311_230358_20260311230358.pdf =====
2026-03-11 23:03:59,430 ERROR NTT_REPORT extraction failed.
Traceback (most recent call last):
  File "D:\Development\python_project\Timesheet-Tracker\test.py", line 7906, in do_POST
    pdf = pdfium.PdfDocument(save_path)
  File "C:\Users\sindhu.sundara\AppData\Roaming\Python\Python314\site-packages\pypdfium2\_helpers\document.py", line 73, in __init__
    self.raw, to_hold, to_close = _open_pdf(self._input, self._password, self._autoclose)
                                  ~~~~~~~~~^^^^^^^^^^^^^^^^^^^^^^^^^^^^^^^^^^^^^^^^^^^^^^
  File "C:\Users\sindhu.sundara\AppData\Roaming\Python\Python314\site-packages\pypdfium2\_helpers\document.py", line 549, in _open_pdf
    raise PdfiumError(f"Failed to load document (PDFium: {pdfium_i.ErrorToStr.get(err_code)}).", err_code=err_code)
pypdfium2._helpers.misc.PdfiumError: Failed to load document (PDFium: Data format error).
2026-03-11 23:04:03,174 INFO ===== UPLOAD RECEIVED: module=NTT_REPORT upload_id=180 path=uploads\NTT_REPORT_admin_20260311_230403_20260311230403.pdf =====
2026-03-11 23:04:03,459 INFO PDF text empty, trying OCR with preprocessing
2026-03-11 23:04:07,629 INFO NTT_REPORT extracted text length: 1225
2026-03-11 23:04:07,630 INFO NTT_REPORT snippet: Timesheet:02/01/2026-02/28/2026  Company Code : 1001 Purchase Document No: 4600056876  Company Name: = NTT DATA Americas, Inc. Position No tosqean for Pers. ©) NTT DaTa Name of Employee : Sindhu Sundaramoorthy  Employee ID - 10402564 Cost Centre QAT HP PROV LS  Print Date > 11-Mar-26  Client Name : Thermo Fisher Scientific Inc Contract Description :DL1CIND-SOW 25-0653-Siddharth-Sindhu  WBS Text  B
2026-03-11 23:04:07,634 INFO NTT_REPORT final extracted_total: 0.0
2026-03-11 23:04:19,125 ERROR Failed to remove uploaded file from disk: uploads\NTT_REPORT_admin_20260311_230403_20260311230403.pdf
Traceback (most recent call last):
  File "D:\Development\python_project\Timesheet-Tracker\test.py", line 2132, in delete_upload
    os.remove(path)
    ~~~~~~~~~^^^^^^
PermissionError: [WinError 32] The process cannot access the file because it is being used by another process: 'uploads\\NTT_REPORT_admin_20260311_230403_20260311230403.pdf'
2026-03-11 23:04:32,826 INFO ===== UPLOAD RECEIVED: module=NTT_REPORT upload_id=181 path=uploads\NTT_REPORT_admin_20260311_230432_20260311230432.pdf =====
2026-03-11 23:04:33,052 INFO PDF text empty, trying OCR with preprocessing
2026-03-11 23:04:35,686 INFO NTT_REPORT extracted text length: 1225
2026-03-11 23:04:35,687 INFO NTT_REPORT snippet: Timesheet:02/01/2026-02/28/2026  Company Code : 1001 Purchase Document No: 4600056876  Company Name: = NTT DATA Americas, Inc. Position No tosqean for Pers. ©) NTT DaTa Name of Employee : Sindhu Sundaramoorthy  Employee ID - 10402564 Cost Centre QAT HP PROV LS  Print Date > 11-Mar-26  Client Name : Thermo Fisher Scientific Inc Contract Description :DL1CIND-SOW 25-0653-Siddharth-Sindhu  WBS Text  B
2026-03-11 23:04:35,689 INFO NTT_REPORT final extracted_total: 0.0
2026-03-11 23:10:31,748 INFO Starting server...
2026-03-11 23:10:31,749 INFO URL: http://127.0.0.1:8000
2026-03-11 23:11:40,164 INFO Starting server...
2026-03-11 23:11:40,165 INFO URL: http://127.0.0.1:8000
2026-03-11 23:13:40,875 INFO ===== UPLOAD RECEIVED: module=NTT_REPORT upload_id=182 path=uploads\NTT_REPORT_admin_20260311_231340_20260311231340.pdf =====
2026-03-11 23:13:42,377 INFO PDF text total not found, trying multi-page OCR
2026-03-11 23:13:53,361 INFO NTT_REPORT final extracted_total: 0.0
2026-03-11 23:13:53,382 INFO NTT_REPORT Text Sample:     --- PAGE 1 OCR --- Timesheet:02/01/2026-02/28/2026  Company Code : 1001 Purchase Document No: 4600056876  Company Name: _-NTT DATA Americas, Inc. Position . Position generated for Pers. ©) NTT DaTa  No. 10402564 Name of Employee : Sindhu Sundaramoorthy  Employee ID : 10402564 Cost Centre : QAT HP PROVLS Print Date - 11-Mar-26 Client Name : Thermo Fisher Scientific Inc Contract Description :DL1ICIND-SOW 25-0653-Siddharth-Sindhu  | oxte | _wasnumier | _wastoxt __[amabe ype) te [eiibie” | status | "Baty | ato | Approved By WBS Number WBS Text Att\Abs Type Billable Date Date Approved By iron feeromseie aes [om | 000 [oun lions twas [ores [Emer irom fpeoeremamren|geme segs femur [ow jawwe  [aoves [ore [wnmw [Emu pero peomreoern|Ce SAL O lrw | 96 jaune amows [ori [roa [Rete psrom _fpeeeromar
2026-03-11 23:22:31,067 INFO Starting server...
2026-03-11 23:22:31,078 INFO URL: http://127.0.0.1:8000
2026-03-11 23:26:53,555 INFO ===== UPLOAD RECEIVED: module=NTT_REPORT upload_id=183 path=uploads\NTT_REPORT_admin_20260311_232653_20260311232653.pdf =====
2026-03-11 23:26:54,981 INFO PDF text total not found, trying multi-page OCR
2026-03-11 23:27:05,417 INFO NTT_REPORT final extracted_total: 0.0
2026-03-11 23:27:05,433 INFO NTT_REPORT Text Sample:     --- PAGE 1 OCR --- Timesheet:02/01/2026-02/28/2026  Company Code : 1001 Purchase Document No: 4600056876  Company Name: _-NTT DATA Americas, Inc. Position . Position generated for Pers. ©) NTT DaTa  No. 10402564 Name of Employee : Sindhu Sundaramoorthy  Employee ID : 10402564 Cost Centre : QAT HP PROVLS Print Date - 11-Mar-26 Client Name : Thermo Fisher Scientific Inc Contract Description :DL1ICIND-SOW 25-0653-Siddharth-Sindhu  | oxte | _wasnumier | _wastoxt __[amabe ype) te [eiibie” | status | "Baty | ato | Approved By WBS Number WBS Text Att\Abs Type Billable Date Date Approved By iron feeromseie aes [om | 000 [oun lions twas [ores [Emer irom fpeoeremamren|geme segs femur [ow jawwe  [aoves [ore [wnmw [Emu pero peomreoern|Ce SAL O lrw | 96 jaune amows [ori [roa [Rete psrom _fpeeeromar
2026-03-11 23:27:21,037 ERROR Failed to remove uploaded file from disk: uploads\NTT_REPORT_admin_20260311_232653_20260311232653.pdf
Traceback (most recent call last):
  File "D:\Development\python_project\Timesheet-Tracker\test.py", line 2132, in delete_upload
    os.remove(path)
    ~~~~~~~~~^^^^^^
PermissionError: [WinError 32] The process cannot access the file because it is being used by another process: 'uploads\\NTT_REPORT_admin_20260311_232653_20260311232653.pdf'
2026-03-11 23:27:45,557 INFO ===== UPLOAD RECEIVED: module=NTT_REPORT upload_id=184 path=uploads\NTT_REPORT_admin_20260311_232745_20260311232745.pdf =====
2026-03-11 23:27:45,794 INFO PDF text total not found, trying multi-page OCR
2026-03-11 23:27:54,240 INFO NTT_REPORT final extracted_total: 0.0
2026-03-11 23:27:54,240 INFO NTT_REPORT Text Sample:     --- PAGE 1 OCR --- Timesheet:02/01/2026-02/28/2026  Company Code : 1001 Purchase Document No: 4600056876  Company Name: _-NTT DATA Americas, Inc. Position . Position generated for Pers. ©) NTT DaTa  No. 10402564 Name of Employee : Sindhu Sundaramoorthy  Employee ID : 10402564 Cost Centre : QAT HP PROVLS Print Date - 11-Mar-26 Client Name : Thermo Fisher Scientific Inc Contract Description :DL1ICIND-SOW 25-0653-Siddharth-Sindhu  | oxte | _wasnumier | _wastoxt __[amabe ype) te [eiibie” | status | "Baty | ato | Approved By WBS Number WBS Text Att\Abs Type Billable Date Date Approved By iron feeromseie aes [om | 000 [oun lions twas [ores [Emer irom fpeoeremamren|geme segs femur [ow jawwe  [aoves [ore [wnmw [Emu pero peomreoern|Ce SAL O lrw | 96 jaune amows [ori [roa [Rete psrom _fpeeeromar
2026-03-11 23:36:39,115 INFO Starting server...
2026-03-11 23:36:39,116 INFO URL: http://127.0.0.1:8000
2026-03-11 23:38:21,176 INFO Starting server...
2026-03-11 23:38:21,176 INFO URL: http://127.0.0.1:8000
2026-03-11 23:40:22,443 INFO ===== UPLOAD RECEIVED: module=NTT_REPORT upload_id=185 path=uploads\NTT_REPORT_admin_20260311_234022_20260311234022.pdf =====
2026-03-11 23:40:23,421 ERROR NTT_REPORT extraction critical failure.
Traceback (most recent call last):
  File "D:\Development\python_project\Timesheet-Tracker\test.py", line 7972, in do_POST
    pdf = pdfium.PdfDocument(save_path)
  File "C:\Users\sindhu.sundara\AppData\Roaming\Python\Python314\site-packages\pypdfium2\_helpers\document.py", line 73, in __init__
    self.raw, to_hold, to_close = _open_pdf(self._input, self._password, self._autoclose)
                                  ~~~~~~~~~^^^^^^^^^^^^^^^^^^^^^^^^^^^^^^^^^^^^^^^^^^^^^^
  File "C:\Users\sindhu.sundara\AppData\Roaming\Python\Python314\site-packages\pypdfium2\_helpers\document.py", line 549, in _open_pdf
    raise PdfiumError(f"Failed to load document (PDFium: {pdfium_i.ErrorToStr.get(err_code)}).", err_code=err_code)
pypdfium2._helpers.misc.PdfiumError: Failed to load document (PDFium: Data format error).
2026-03-11 23:41:44,404 INFO ===== UPLOAD RECEIVED: module=NTT_REPORT upload_id=186 path=uploads\NTT_REPORT_admin_20260311_234144_20260311234144.pdf =====
2026-03-11 23:41:44,726 INFO PDF selectable text failed, trying 4x scale OCR
2026-03-11 23:41:58,740 INFO NTT_REPORT final result: 202.0
2026-03-11 23:42:05,831 INFO Server stopped by user
2026-03-11 23:42:19,315 INFO Starting server...
2026-03-11 23:42:19,316 INFO URL: http://127.0.0.1:8000
2026-03-11 23:43:44,138 INFO ===== UPLOAD RECEIVED: module=NTT_REPORT upload_id=187 path=uploads\NTT_REPORT_admin_20260311_234344_20260311234344.pdf =====
2026-03-11 23:43:44,435 INFO PDF selectable text failed, trying 4x scale OCR
2026-03-11 23:43:54,484 INFO NTT_REPORT final result: 202.0
2026-03-11 23:43:54,744 INFO ===== UPLOAD RECEIVED: module=NTT_REPORT upload_id=188 path=uploads\NTT_REPORT_admin_20260311_234354_20260311234354.pdf =====
2026-03-11 23:43:55,012 INFO PDF selectable text failed, trying 4x scale OCR
2026-03-11 23:44:03,180 INFO NTT_REPORT final result: 202.0
2026-03-11 23:49:05,296 INFO ===== UPLOAD RECEIVED: module=NTT_REPORT upload_id=189 path=uploads\NTT_REPORT_admin_20260311_234905_20260311234905.pdf =====
2026-03-11 23:49:05,748 INFO PDF selectable text failed, trying 4x scale OCR
2026-03-11 23:49:15,179 INFO NTT_REPORT final result: 202.0
2026-03-11 23:53:22,104 INFO Starting server...
2026-03-11 23:53:22,105 INFO URL: http://127.0.0.1:8000
2026-03-11 23:55:54,602 INFO ===== UPLOAD RECEIVED: module=NTT_REPORT upload_id=190 path=uploads\NTT_REPORT_admin_20260311_235554_20260311235554.pdf =====
2026-03-11 23:55:57,708 INFO PDF text failed, trying high-res OCR
2026-03-12 09:39:31,838 INFO NTT_REPORT extraction result: 0.0
2026-03-12 09:39:31,994 ERROR Unhandled exception in do_POST
Traceback (most recent call last):
  File "D:\Development\python_project\Timesheet-Tracker\test.py", line 8016, in do_POST
    self.end_headers()
    ~~~~~~~~~~~~~~~~^^
  File "C:\Python314\Lib\http\server.py", line 598, in end_headers
    self.flush_headers()
    ~~~~~~~~~~~~~~~~~~^^
  File "C:\Python314\Lib\http\server.py", line 602, in flush_headers
    self.wfile.write(b"".join(self._headers_buffer))
    ~~~~~~~~~~~~~~~~^^^^^^^^^^^^^^^^^^^^^^^^^^^^^^^^
  File "C:\Python314\Lib\socketserver.py", line 845, in write
    self._sock.sendall(b)
    ~~~~~~~~~~~~~~~~~~^^^
ConnectionAbortedError: [WinError 10053] An established connection was aborted by the software in your host machine
2026-03-12 09:52:33,442 INFO Starting server...
2026-03-12 09:52:33,442 INFO URL: http://127.0.0.1:8000
2026-03-12 09:56:14,635 INFO ===== UPLOAD RECEIVED: module=NTT_REPORT upload_id=191 path=uploads\NTT_REPORT_admin_20260312_095614_20260312095614.pdf =====
2026-03-12 09:56:14,859 INFO PDF text failed, trying high-res OCR
2026-03-12 09:56:21,215 INFO NTT_REPORT extraction result: 0.0
2026-03-12 09:56:52,505 INFO ===== UPLOAD RECEIVED: module=NTT_REPORT upload_id=192 path=uploads\NTT_REPORT_admin_20260312_095652_20260312095652.pdf =====
2026-03-12 09:56:52,596 INFO PDF text failed, trying high-res OCR
2026-03-12 09:56:58,344 INFO NTT_REPORT extraction result: 0.0
2026-03-12 10:09:50,145 INFO Starting server...
2026-03-12 10:09:50,145 INFO URL: http://127.0.0.1:8000
2026-03-12 10:23:15,390 INFO ===== UPLOAD RECEIVED: module=NTT_REPORT upload_id=193 path=uploads\NTT_REPORT_admin_20260312_102315_20260312102315.pdf =====
2026-03-12 10:23:16,031 INFO PDF text empty/missing total, trying high-res OCR in reverse
2026-03-12 10:23:21,702 INFO NTT_REPORT extraction result: 0.0
2026-03-12 10:26:19,342 INFO Starting server...
2026-03-12 10:26:19,343 INFO URL: http://127.0.0.1:8000
2026-03-12 10:28:58,033 INFO Starting server...
2026-03-12 10:28:58,034 INFO URL: http://127.0.0.1:8000
2026-03-12 10:31:18,567 INFO Server stopped by user
2026-03-12 10:31:24,004 INFO Starting server...
2026-03-12 10:31:24,005 INFO URL: http://127.0.0.1:8000
2026-03-12 10:32:01,008 INFO ===== UPLOAD RECEIVED: module=NTT_REPORT upload_id=194 path=uploads\NTT_REPORT_admin_20260312_103200_20260312103200.pdf =====
2026-03-12 10:32:01,406 INFO NTT_REPORT: Last Page Text Length: 0
2026-03-12 10:32:01,418 INFO NTT_REPORT: Last Page Snippet: 
2026-03-12 10:32:01,549 INFO Trying OCR fallback in reverse order...
2026-03-12 10:32:06,179 INFO NTT_REPORT extraction final result: 0.0
2026-03-12 10:39:19,096 INFO Starting server...
2026-03-12 10:39:19,096 INFO URL: http://127.0.0.1:8000
2026-03-12 10:44:40,093 INFO ===== UPLOAD RECEIVED: module=NTT_REPORT upload_id=195 path=uploads\NTT_REPORT_admin_20260312_104440_20260312104440.pdf =====
2026-03-12 11:00:55,682 INFO Starting server...
2026-03-12 11:00:55,682 INFO URL: http://127.0.0.1:8000
2026-03-12 11:07:18,046 INFO Starting server...
2026-03-12 11:07:18,047 INFO URL: http://127.0.0.1:8000
2026-03-12 11:11:10,010 INFO Server stopped by user
2026-03-12 11:11:32,376 INFO Starting server...
2026-03-12 11:11:32,376 INFO URL: http://127.0.0.1:8000
2026-03-12 11:12:04,963 INFO ===== UPLOAD RECEIVED: module=NTT_REPORT upload_id=196 path=uploads\NTT_REPORT_admin_20260312_111204_20260312111204.pdf =====
2026-03-12 11:19:22,932 INFO Starting server...
2026-03-12 11:19:22,933 INFO URL: http://127.0.0.1:8000
2026-03-12 11:20:25,668 INFO Starting server...
2026-03-12 11:20:25,669 INFO URL: http://127.0.0.1:8000
2026-03-12 11:53:28,461 INFO Server stopped by user
